goodput_vs_num_devices	16	13958643712	bert-6.7b	48	-1	None	azure_v2	{'rate_scale': 16, 'cv_scale': 1, 'trace_dir': '/home/zhangy/data/datasets/azure_v2.pkl'}	5	-1	sr-greedy	None	None	None	None	ModelPlacement(group_configs=(ParallelConfig(dp=1, op=1, pp=1), ParallelConfig(dp=1, op=1, pp=1), ParallelConfig(dp=1, op=1, pp=1), ParallelConfig(dp=1, op=1, pp=1), ParallelConfig(dp=1, op=1, pp=1), ParallelConfig(dp=1, op=1, pp=1), ParallelConfig(dp=1, op=1, pp=1), ParallelConfig(dp=1, op=1, pp=1), ParallelConfig(dp=1, op=1, pp=1), ParallelConfig(dp=1, op=1, pp=1), ParallelConfig(dp=1, op=1, pp=1), ParallelConfig(dp=1, op=1, pp=1), ParallelConfig(dp=1, op=1, pp=1), ParallelConfig(dp=1, op=1, pp=1), ParallelConfig(dp=1, op=1, pp=1), ParallelConfig(dp=1, op=1, pp=1)), group_models=((4,), (4,), (6,), (8,), (8,), (8,), (12,), (16,), (26,), (26,), (26,), (38,), (44,), (44,), (44,), (44,)))	0.619	simulate
goodput_vs_num_devices	32	13958643712	bert-6.7b	48	-1	None	azure_v2	{'rate_scale': 16, 'cv_scale': 1, 'trace_dir': '/home/zhangy/data/datasets/azure_v2.pkl'}	5	-1	sr-greedy	None	None	None	None	ModelPlacement(group_configs=(ParallelConfig(dp=1, op=1, pp=1), ParallelConfig(dp=1, op=1, pp=1), ParallelConfig(dp=1, op=1, pp=1), ParallelConfig(dp=1, op=1, pp=1), ParallelConfig(dp=1, op=1, pp=1), ParallelConfig(dp=1, op=1, pp=1), ParallelConfig(dp=1, op=1, pp=1), ParallelConfig(dp=1, op=1, pp=1), ParallelConfig(dp=1, op=1, pp=1), ParallelConfig(dp=1, op=1, pp=1), ParallelConfig(dp=1, op=1, pp=1), ParallelConfig(dp=1, op=1, pp=1), ParallelConfig(dp=1, op=1, pp=1), ParallelConfig(dp=1, op=1, pp=1), ParallelConfig(dp=1, op=1, pp=1), ParallelConfig(dp=1, op=1, pp=1), ParallelConfig(dp=1, op=1, pp=1), ParallelConfig(dp=1, op=1, pp=1), ParallelConfig(dp=1, op=1, pp=1), ParallelConfig(dp=1, op=1, pp=1), ParallelConfig(dp=1, op=1, pp=1), ParallelConfig(dp=1, op=1, pp=1), ParallelConfig(dp=1, op=1, pp=1), ParallelConfig(dp=1, op=1, pp=1), ParallelConfig(dp=1, op=1, pp=1), ParallelConfig(dp=1, op=1, pp=1), ParallelConfig(dp=1, op=1, pp=1), ParallelConfig(dp=1, op=1, pp=1), ParallelConfig(dp=1, op=1, pp=1), ParallelConfig(dp=1, op=1, pp=1), ParallelConfig(dp=1, op=1, pp=1), ParallelConfig(dp=1, op=1, pp=1)), group_models=((4,), (4,), (4,), (4,), (6,), (6,), (6,), (6,), (8,), (8,), (8,), (8,), (12,), (12,), (16,), (16,), (16,), (16,), (26,), (26,), (26,), (31,), (38,), (40,), (42,), (44,), (44,), (44,), (44,), (44,), (45,), (45,)))	0.781	simulate
goodput_vs_num_devices	16	13958643712	bert-6.7b	48	-1	None	azure_v2	{'rate_scale': 16, 'cv_scale': 1, 'trace_dir': '/home/zhangy/data/datasets/azure_v2.pkl'}	5	-1	sr-replace-21600	None	None	None	None	ModelPlacementWithReplacement(num_segments=4)	0.755	simulate
goodput_vs_num_devices	40	13958643712	bert-6.7b	48	-1	None	azure_v2	{'rate_scale': 16, 'cv_scale': 1, 'trace_dir': '/home/zhangy/data/datasets/azure_v2.pkl'}	5	-1	sr-greedy	None	None	None	None	ModelPlacement(group_configs=(ParallelConfig(dp=1, op=1, pp=1), ParallelConfig(dp=1, op=1, pp=1), ParallelConfig(dp=1, op=1, pp=1), ParallelConfig(dp=1, op=1, pp=1), ParallelConfig(dp=1, op=1, pp=1), ParallelConfig(dp=1, op=1, pp=1), ParallelConfig(dp=1, op=1, pp=1), ParallelConfig(dp=1, op=1, pp=1), ParallelConfig(dp=1, op=1, pp=1), ParallelConfig(dp=1, op=1, pp=1), ParallelConfig(dp=1, op=1, pp=1), ParallelConfig(dp=1, op=1, pp=1), ParallelConfig(dp=1, op=1, pp=1), ParallelConfig(dp=1, op=1, pp=1), ParallelConfig(dp=1, op=1, pp=1), ParallelConfig(dp=1, op=1, pp=1), ParallelConfig(dp=1, op=1, pp=1), ParallelConfig(dp=1, op=1, pp=1), ParallelConfig(dp=1, op=1, pp=1), ParallelConfig(dp=1, op=1, pp=1), ParallelConfig(dp=1, op=1, pp=1), ParallelConfig(dp=1, op=1, pp=1), ParallelConfig(dp=1, op=1, pp=1), ParallelConfig(dp=1, op=1, pp=1), ParallelConfig(dp=1, op=1, pp=1), ParallelConfig(dp=1, op=1, pp=1), ParallelConfig(dp=1, op=1, pp=1), ParallelConfig(dp=1, op=1, pp=1), ParallelConfig(dp=1, op=1, pp=1), ParallelConfig(dp=1, op=1, pp=1), ParallelConfig(dp=1, op=1, pp=1), ParallelConfig(dp=1, op=1, pp=1), ParallelConfig(dp=1, op=1, pp=1), ParallelConfig(dp=1, op=1, pp=1), ParallelConfig(dp=1, op=1, pp=1), ParallelConfig(dp=1, op=1, pp=1), ParallelConfig(dp=1, op=1, pp=1), ParallelConfig(dp=1, op=1, pp=1), ParallelConfig(dp=1, op=1, pp=1), ParallelConfig(dp=1, op=1, pp=1)), group_models=((4,), (4,), (4,), (4,), (6,), (6,), (6,), (6,), (7,), (8,), (8,), (8,), (8,), (12,), (12,), (12,), (13,), (16,), (16,), (16,), (16,), (16,), (22,), (26,), (26,), (26,), (29,), (30,), (31,), (34,), (38,), (40,), (42,), (44,), (44,), (44,), (44,), (44,), (45,), (45,)))	0.845	simulate
goodput_vs_num_devices	48	13958643712	bert-6.7b	48	-1	None	azure_v2	{'rate_scale': 16, 'cv_scale': 1, 'trace_dir': '/home/zhangy/data/datasets/azure_v2.pkl'}	5	-1	sr-greedy	None	None	None	None	ModelPlacement(group_configs=(ParallelConfig(dp=1, op=1, pp=1), ParallelConfig(dp=1, op=1, pp=1), ParallelConfig(dp=1, op=1, pp=1), ParallelConfig(dp=1, op=1, pp=1), ParallelConfig(dp=1, op=1, pp=1), ParallelConfig(dp=1, op=1, pp=1), ParallelConfig(dp=1, op=1, pp=1), ParallelConfig(dp=1, op=1, pp=1), ParallelConfig(dp=1, op=1, pp=1), ParallelConfig(dp=1, op=1, pp=1), ParallelConfig(dp=1, op=1, pp=1), ParallelConfig(dp=1, op=1, pp=1), ParallelConfig(dp=1, op=1, pp=1), ParallelConfig(dp=1, op=1, pp=1), ParallelConfig(dp=1, op=1, pp=1), ParallelConfig(dp=1, op=1, pp=1), ParallelConfig(dp=1, op=1, pp=1), ParallelConfig(dp=1, op=1, pp=1), ParallelConfig(dp=1, op=1, pp=1), ParallelConfig(dp=1, op=1, pp=1), ParallelConfig(dp=1, op=1, pp=1), ParallelConfig(dp=1, op=1, pp=1), ParallelConfig(dp=1, op=1, pp=1), ParallelConfig(dp=1, op=1, pp=1), ParallelConfig(dp=1, op=1, pp=1), ParallelConfig(dp=1, op=1, pp=1), ParallelConfig(dp=1, op=1, pp=1), ParallelConfig(dp=1, op=1, pp=1), ParallelConfig(dp=1, op=1, pp=1), ParallelConfig(dp=1, op=1, pp=1), ParallelConfig(dp=1, op=1, pp=1), ParallelConfig(dp=1, op=1, pp=1), ParallelConfig(dp=1, op=1, pp=1), ParallelConfig(dp=1, op=1, pp=1), ParallelConfig(dp=1, op=1, pp=1), ParallelConfig(dp=1, op=1, pp=1), ParallelConfig(dp=1, op=1, pp=1), ParallelConfig(dp=1, op=1, pp=1), ParallelConfig(dp=1, op=1, pp=1), ParallelConfig(dp=1, op=1, pp=1), ParallelConfig(dp=1, op=1, pp=1), ParallelConfig(dp=1, op=1, pp=1), ParallelConfig(dp=1, op=1, pp=1), ParallelConfig(dp=1, op=1, pp=1), ParallelConfig(dp=1, op=1, pp=1), ParallelConfig(dp=1, op=1, pp=1), ParallelConfig(dp=1, op=1, pp=1), ParallelConfig(dp=1, op=1, pp=1)), group_models=((4,), (4,), (4,), (4,), (6,), (6,), (6,), (6,), (7,), (8,), (8,), (8,), (8,), (12,), (12,), (12,), (13,), (16,), (16,), (16,), (16,), (16,), (22,), (26,), (26,), (26,), (29,), (30,), (31,), (32,), (33,), (34,), (35,), (36,), (37,), (38,), (39,), (40,), (41,), (42,), (43,), (44,), (44,), (44,), (44,), (44,), (45,), (45,)))	0.902	simulate
goodput_vs_num_devices	40	13958643712	bert-6.7b	48	-1	None	azure_v2	{'rate_scale': 16, 'cv_scale': 1, 'trace_dir': '/home/zhangy/data/datasets/azure_v2.pkl'}	5	-1	sr-replace-21600	None	None	None	None	ModelPlacementWithReplacement(num_segments=4)	0.947	simulate
goodput_vs_num_devices	32	13958643712	bert-6.7b	48	-1	None	azure_v2	{'rate_scale': 16, 'cv_scale': 1, 'trace_dir': '/home/zhangy/data/datasets/azure_v2.pkl'}	5	-1	sr-replace-21600	None	None	None	None	ModelPlacementWithReplacement(num_segments=4)	0.903	simulate
goodput_vs_num_devices	48	13958643712	bert-6.7b	48	-1	None	azure_v2	{'rate_scale': 16, 'cv_scale': 1, 'trace_dir': '/home/zhangy/data/datasets/azure_v2.pkl'}	5	-1	sr-replace-21600	None	None	None	None	ModelPlacementWithReplacement(num_segments=4)	0.976	simulate
goodput_vs_num_devices	16	13958643712	bert-6.7b	48	-1	None	azure_v2	{'rate_scale': 16, 'cv_scale': 1, 'trace_dir': '/home/zhangy/data/datasets/azure_v2.pkl'}	5	-1	mp-search	None	None	None	None	ModelPlacement(group_configs=(ParallelConfig(dp=1, op=1, pp=8), ParallelConfig(dp=1, op=1, pp=8)), group_models=((4, 6, 8, 16, 40, 42, 44), (7, 12, 16, 26, 31, 38, 45)))	0.835	simulate
goodput_vs_num_devices	32	13958643712	bert-6.7b	48	-1	None	azure_v2	{'rate_scale': 16, 'cv_scale': 1, 'trace_dir': '/home/zhangy/data/datasets/azure_v2.pkl'}	5	-1	mp-search	None	None	None	None	ModelPlacement(group_configs=(ParallelConfig(dp=1, op=1, pp=8), ParallelConfig(dp=1, op=1, pp=8), ParallelConfig(dp=1, op=1, pp=8), ParallelConfig(dp=1, op=1, pp=8)), group_models=((2, 23, 26, 32, 35, 37, 43), (4, 12, 16, 22, 30, 33, 40), (6, 8, 13, 31, 34, 38, 42), (7, 29, 36, 39, 41, 44, 45)))	0.945	simulate
goodput_vs_num_devices	40	13958643712	bert-6.7b	48	-1	None	azure_v2	{'rate_scale': 16, 'cv_scale': 1, 'trace_dir': '/home/zhangy/data/datasets/azure_v2.pkl'}	5	-1	mp-search	None	None	None	None	ModelPlacement(group_configs=(ParallelConfig(dp=1, op=1, pp=8), ParallelConfig(dp=1, op=1, pp=8), ParallelConfig(dp=1, op=1, pp=8), ParallelConfig(dp=1, op=1, pp=8), ParallelConfig(dp=1, op=1, pp=8)), group_models=((0, 1, 3, 15, 25, 26, 47), (2, 5, 23, 32, 37, 43, 44), (4, 16, 22, 30, 33, 35, 40), (6, 8, 13, 31, 34, 41, 42), (7, 12, 29, 36, 38, 39, 45)))	0.977	simulate
goodput_vs_slo	64	13958643712	bert-6.7b	48	-1	None	azure_v2	{'rate_scale': 16, 'cv_scale': 1, 'trace_dir': '/home/zhangy/data/datasets/azure_v2.pkl'}	0.75	-1	sr-greedy	None	None	None	None	ModelPlacement(group_configs=(ParallelConfig(dp=1, op=1, pp=1), ParallelConfig(dp=1, op=1, pp=1), ParallelConfig(dp=1, op=1, pp=1), ParallelConfig(dp=1, op=1, pp=1), ParallelConfig(dp=1, op=1, pp=1), ParallelConfig(dp=1, op=1, pp=1), ParallelConfig(dp=1, op=1, pp=1), ParallelConfig(dp=1, op=1, pp=1), ParallelConfig(dp=1, op=1, pp=1), ParallelConfig(dp=1, op=1, pp=1), ParallelConfig(dp=1, op=1, pp=1), ParallelConfig(dp=1, op=1, pp=1), ParallelConfig(dp=1, op=1, pp=1), ParallelConfig(dp=1, op=1, pp=1), ParallelConfig(dp=1, op=1, pp=1), ParallelConfig(dp=1, op=1, pp=1), ParallelConfig(dp=1, op=1, pp=1), ParallelConfig(dp=1, op=1, pp=1), ParallelConfig(dp=1, op=1, pp=1), ParallelConfig(dp=1, op=1, pp=1), ParallelConfig(dp=1, op=1, pp=1), ParallelConfig(dp=1, op=1, pp=1), ParallelConfig(dp=1, op=1, pp=1), ParallelConfig(dp=1, op=1, pp=1), ParallelConfig(dp=1, op=1, pp=1), ParallelConfig(dp=1, op=1, pp=1), ParallelConfig(dp=1, op=1, pp=1), ParallelConfig(dp=1, op=1, pp=1), ParallelConfig(dp=1, op=1, pp=1), ParallelConfig(dp=1, op=1, pp=1), ParallelConfig(dp=1, op=1, pp=1), ParallelConfig(dp=1, op=1, pp=1), ParallelConfig(dp=1, op=1, pp=1), ParallelConfig(dp=1, op=1, pp=1), ParallelConfig(dp=1, op=1, pp=1), ParallelConfig(dp=1, op=1, pp=1), ParallelConfig(dp=1, op=1, pp=1), ParallelConfig(dp=1, op=1, pp=1), ParallelConfig(dp=1, op=1, pp=1), ParallelConfig(dp=1, op=1, pp=1), ParallelConfig(dp=1, op=1, pp=1), ParallelConfig(dp=1, op=1, pp=1), ParallelConfig(dp=1, op=1, pp=1), ParallelConfig(dp=1, op=1, pp=1), ParallelConfig(dp=1, op=1, pp=1), ParallelConfig(dp=1, op=1, pp=1), ParallelConfig(dp=1, op=1, pp=1), ParallelConfig(dp=1, op=1, pp=1), ParallelConfig(dp=1, op=1, pp=1), ParallelConfig(dp=1, op=1, pp=1), ParallelConfig(dp=1, op=1, pp=1), ParallelConfig(dp=1, op=1, pp=1), ParallelConfig(dp=1, op=1, pp=1), ParallelConfig(dp=1, op=1, pp=1), ParallelConfig(dp=1, op=1, pp=1), ParallelConfig(dp=1, op=1, pp=1), ParallelConfig(dp=1, op=1, pp=1), ParallelConfig(dp=1, op=1, pp=1), ParallelConfig(dp=1, op=1, pp=1), ParallelConfig(dp=1, op=1, pp=1), ParallelConfig(dp=1, op=1, pp=1), ParallelConfig(dp=1, op=1, pp=1), ParallelConfig(dp=1, op=1, pp=1), ParallelConfig(dp=1, op=1, pp=1)), group_models=((26,), (26,), (26,), (26,), (26,), (26,), (26,), (26,), (26,), (26,), (26,), (26,), (26,), (26,), (26,), (26,), (26,), (26,), (26,), (26,), (26,), (26,), (26,), (26,), (26,), (26,), (26,), (26,), (26,), (26,), (26,), (26,), (26,), (26,), (26,), (26,), (26,), (26,), (26,), (26,), (26,), (26,), (26,), (26,), (26,), (26,), (26,), (26,), (26,), (26,), (26,), (26,), (26,), (26,), (26,), (26,), (26,), (26,), (26,), (26,), (26,), (26,), (26,), (26,)))	0.0	simulate
goodput_vs_slo	64	13958643712	bert-6.7b	48	-1	None	azure_v2	{'rate_scale': 16, 'cv_scale': 1, 'trace_dir': '/home/zhangy/data/datasets/azure_v2.pkl'}	0.5	-1	sr-replace-21600	None	None	None	None	ModelPlacementWithReplacement(num_segments=4)	0.0	simulate
goodput_vs_num_devices	64	13958643712	bert-6.7b	48	-1	None	azure_v2	{'rate_scale': 16, 'cv_scale': 1, 'trace_dir': '/home/zhangy/data/datasets/azure_v2.pkl'}	5	-1	sr-replace-21600	None	None	None	None	ModelPlacementWithReplacement(num_segments=4)	0.997	simulate
goodput_vs_num_devices	56	13958643712	bert-6.7b	48	-1	None	azure_v2	{'rate_scale': 16, 'cv_scale': 1, 'trace_dir': '/home/zhangy/data/datasets/azure_v2.pkl'}	5	-1	sr-greedy	None	None	None	None	ModelPlacement(group_configs=(ParallelConfig(dp=1, op=1, pp=1), ParallelConfig(dp=1, op=1, pp=1), ParallelConfig(dp=1, op=1, pp=1), ParallelConfig(dp=1, op=1, pp=1), ParallelConfig(dp=1, op=1, pp=1), ParallelConfig(dp=1, op=1, pp=1), ParallelConfig(dp=1, op=1, pp=1), ParallelConfig(dp=1, op=1, pp=1), ParallelConfig(dp=1, op=1, pp=1), ParallelConfig(dp=1, op=1, pp=1), ParallelConfig(dp=1, op=1, pp=1), ParallelConfig(dp=1, op=1, pp=1), ParallelConfig(dp=1, op=1, pp=1), ParallelConfig(dp=1, op=1, pp=1), ParallelConfig(dp=1, op=1, pp=1), ParallelConfig(dp=1, op=1, pp=1), ParallelConfig(dp=1, op=1, pp=1), ParallelConfig(dp=1, op=1, pp=1), ParallelConfig(dp=1, op=1, pp=1), ParallelConfig(dp=1, op=1, pp=1), ParallelConfig(dp=1, op=1, pp=1), ParallelConfig(dp=1, op=1, pp=1), ParallelConfig(dp=1, op=1, pp=1), ParallelConfig(dp=1, op=1, pp=1), ParallelConfig(dp=1, op=1, pp=1), ParallelConfig(dp=1, op=1, pp=1), ParallelConfig(dp=1, op=1, pp=1), ParallelConfig(dp=1, op=1, pp=1), ParallelConfig(dp=1, op=1, pp=1), ParallelConfig(dp=1, op=1, pp=1), ParallelConfig(dp=1, op=1, pp=1), ParallelConfig(dp=1, op=1, pp=1), ParallelConfig(dp=1, op=1, pp=1), ParallelConfig(dp=1, op=1, pp=1), ParallelConfig(dp=1, op=1, pp=1), ParallelConfig(dp=1, op=1, pp=1), ParallelConfig(dp=1, op=1, pp=1), ParallelConfig(dp=1, op=1, pp=1), ParallelConfig(dp=1, op=1, pp=1), ParallelConfig(dp=1, op=1, pp=1), ParallelConfig(dp=1, op=1, pp=1), ParallelConfig(dp=1, op=1, pp=1), ParallelConfig(dp=1, op=1, pp=1), ParallelConfig(dp=1, op=1, pp=1), ParallelConfig(dp=1, op=1, pp=1), ParallelConfig(dp=1, op=1, pp=1), ParallelConfig(dp=1, op=1, pp=1), ParallelConfig(dp=1, op=1, pp=1), ParallelConfig(dp=1, op=1, pp=1), ParallelConfig(dp=1, op=1, pp=1), ParallelConfig(dp=1, op=1, pp=1), ParallelConfig(dp=1, op=1, pp=1), ParallelConfig(dp=1, op=1, pp=1), ParallelConfig(dp=1, op=1, pp=1), ParallelConfig(dp=1, op=1, pp=1), ParallelConfig(dp=1, op=1, pp=1)), group_models=((2,), (4,), (4,), (4,), (4,), (5,), (6,), (6,), (6,), (6,), (6,), (7,), (8,), (8,), (8,), (8,), (8,), (12,), (12,), (12,), (13,), (16,), (16,), (16,), (16,), (16,), (16,), (22,), (23,), (26,), (26,), (26,), (29,), (30,), (31,), (32,), (33,), (34,), (35,), (36,), (37,), (38,), (39,), (40,), (41,), (42,), (43,), (44,), (44,), (44,), (44,), (44,), (44,), (45,), (45,), (45,)))	0.939	simulate
goodput_vs_slo	64	13958643712	bert-6.7b	48	-1	None	azure_v2	{'rate_scale': 16, 'cv_scale': 1, 'trace_dir': '/home/zhangy/data/datasets/azure_v2.pkl'}	0.5	-1	sr-greedy	None	None	None	None	ModelPlacement(group_configs=(ParallelConfig(dp=1, op=1, pp=1), ParallelConfig(dp=1, op=1, pp=1), ParallelConfig(dp=1, op=1, pp=1), ParallelConfig(dp=1, op=1, pp=1), ParallelConfig(dp=1, op=1, pp=1), ParallelConfig(dp=1, op=1, pp=1), ParallelConfig(dp=1, op=1, pp=1), ParallelConfig(dp=1, op=1, pp=1), ParallelConfig(dp=1, op=1, pp=1), ParallelConfig(dp=1, op=1, pp=1), ParallelConfig(dp=1, op=1, pp=1), ParallelConfig(dp=1, op=1, pp=1), ParallelConfig(dp=1, op=1, pp=1), ParallelConfig(dp=1, op=1, pp=1), ParallelConfig(dp=1, op=1, pp=1), ParallelConfig(dp=1, op=1, pp=1), ParallelConfig(dp=1, op=1, pp=1), ParallelConfig(dp=1, op=1, pp=1), ParallelConfig(dp=1, op=1, pp=1), ParallelConfig(dp=1, op=1, pp=1), ParallelConfig(dp=1, op=1, pp=1), ParallelConfig(dp=1, op=1, pp=1), ParallelConfig(dp=1, op=1, pp=1), ParallelConfig(dp=1, op=1, pp=1), ParallelConfig(dp=1, op=1, pp=1), ParallelConfig(dp=1, op=1, pp=1), ParallelConfig(dp=1, op=1, pp=1), ParallelConfig(dp=1, op=1, pp=1), ParallelConfig(dp=1, op=1, pp=1), ParallelConfig(dp=1, op=1, pp=1), ParallelConfig(dp=1, op=1, pp=1), ParallelConfig(dp=1, op=1, pp=1), ParallelConfig(dp=1, op=1, pp=1), ParallelConfig(dp=1, op=1, pp=1), ParallelConfig(dp=1, op=1, pp=1), ParallelConfig(dp=1, op=1, pp=1), ParallelConfig(dp=1, op=1, pp=1), ParallelConfig(dp=1, op=1, pp=1), ParallelConfig(dp=1, op=1, pp=1), ParallelConfig(dp=1, op=1, pp=1), ParallelConfig(dp=1, op=1, pp=1), ParallelConfig(dp=1, op=1, pp=1), ParallelConfig(dp=1, op=1, pp=1), ParallelConfig(dp=1, op=1, pp=1), ParallelConfig(dp=1, op=1, pp=1), ParallelConfig(dp=1, op=1, pp=1), ParallelConfig(dp=1, op=1, pp=1), ParallelConfig(dp=1, op=1, pp=1), ParallelConfig(dp=1, op=1, pp=1), ParallelConfig(dp=1, op=1, pp=1), ParallelConfig(dp=1, op=1, pp=1), ParallelConfig(dp=1, op=1, pp=1), ParallelConfig(dp=1, op=1, pp=1), ParallelConfig(dp=1, op=1, pp=1), ParallelConfig(dp=1, op=1, pp=1), ParallelConfig(dp=1, op=1, pp=1), ParallelConfig(dp=1, op=1, pp=1), ParallelConfig(dp=1, op=1, pp=1), ParallelConfig(dp=1, op=1, pp=1), ParallelConfig(dp=1, op=1, pp=1), ParallelConfig(dp=1, op=1, pp=1), ParallelConfig(dp=1, op=1, pp=1), ParallelConfig(dp=1, op=1, pp=1), ParallelConfig(dp=1, op=1, pp=1)), group_models=((26,), (26,), (26,), (26,), (26,), (26,), (26,), (26,), (26,), (26,), (26,), (26,), (26,), (26,), (26,), (26,), (26,), (26,), (26,), (26,), (26,), (26,), (26,), (26,), (26,), (26,), (26,), (26,), (26,), (26,), (26,), (26,), (26,), (26,), (26,), (26,), (26,), (26,), (26,), (26,), (26,), (26,), (26,), (26,), (26,), (26,), (26,), (26,), (26,), (26,), (26,), (26,), (26,), (26,), (26,), (26,), (26,), (26,), (26,), (26,), (26,), (26,), (26,), (26,)))	0.0	simulate
goodput_vs_num_devices	64	13958643712	bert-6.7b	48	-1	None	azure_v2	{'rate_scale': 16, 'cv_scale': 1, 'trace_dir': '/home/zhangy/data/datasets/azure_v2.pkl'}	5	-1	sr-greedy	None	None	None	None	ModelPlacement(group_configs=(ParallelConfig(dp=1, op=1, pp=1), ParallelConfig(dp=1, op=1, pp=1), ParallelConfig(dp=1, op=1, pp=1), ParallelConfig(dp=1, op=1, pp=1), ParallelConfig(dp=1, op=1, pp=1), ParallelConfig(dp=1, op=1, pp=1), ParallelConfig(dp=1, op=1, pp=1), ParallelConfig(dp=1, op=1, pp=1), ParallelConfig(dp=1, op=1, pp=1), ParallelConfig(dp=1, op=1, pp=1), ParallelConfig(dp=1, op=1, pp=1), ParallelConfig(dp=1, op=1, pp=1), ParallelConfig(dp=1, op=1, pp=1), ParallelConfig(dp=1, op=1, pp=1), ParallelConfig(dp=1, op=1, pp=1), ParallelConfig(dp=1, op=1, pp=1), ParallelConfig(dp=1, op=1, pp=1), ParallelConfig(dp=1, op=1, pp=1), ParallelConfig(dp=1, op=1, pp=1), ParallelConfig(dp=1, op=1, pp=1), ParallelConfig(dp=1, op=1, pp=1), ParallelConfig(dp=1, op=1, pp=1), ParallelConfig(dp=1, op=1, pp=1), ParallelConfig(dp=1, op=1, pp=1), ParallelConfig(dp=1, op=1, pp=1), ParallelConfig(dp=1, op=1, pp=1), ParallelConfig(dp=1, op=1, pp=1), ParallelConfig(dp=1, op=1, pp=1), ParallelConfig(dp=1, op=1, pp=1), ParallelConfig(dp=1, op=1, pp=1), ParallelConfig(dp=1, op=1, pp=1), ParallelConfig(dp=1, op=1, pp=1), ParallelConfig(dp=1, op=1, pp=1), ParallelConfig(dp=1, op=1, pp=1), ParallelConfig(dp=1, op=1, pp=1), ParallelConfig(dp=1, op=1, pp=1), ParallelConfig(dp=1, op=1, pp=1), ParallelConfig(dp=1, op=1, pp=1), ParallelConfig(dp=1, op=1, pp=1), ParallelConfig(dp=1, op=1, pp=1), ParallelConfig(dp=1, op=1, pp=1), ParallelConfig(dp=1, op=1, pp=1), ParallelConfig(dp=1, op=1, pp=1), ParallelConfig(dp=1, op=1, pp=1), ParallelConfig(dp=1, op=1, pp=1), ParallelConfig(dp=1, op=1, pp=1), ParallelConfig(dp=1, op=1, pp=1), ParallelConfig(dp=1, op=1, pp=1), ParallelConfig(dp=1, op=1, pp=1), ParallelConfig(dp=1, op=1, pp=1), ParallelConfig(dp=1, op=1, pp=1), ParallelConfig(dp=1, op=1, pp=1), ParallelConfig(dp=1, op=1, pp=1), ParallelConfig(dp=1, op=1, pp=1), ParallelConfig(dp=1, op=1, pp=1), ParallelConfig(dp=1, op=1, pp=1), ParallelConfig(dp=1, op=1, pp=1), ParallelConfig(dp=1, op=1, pp=1), ParallelConfig(dp=1, op=1, pp=1), ParallelConfig(dp=1, op=1, pp=1), ParallelConfig(dp=1, op=1, pp=1), ParallelConfig(dp=1, op=1, pp=1), ParallelConfig(dp=1, op=1, pp=1), ParallelConfig(dp=1, op=1, pp=1)), group_models=((0,), (1,), (2,), (3,), (4,), (4,), (4,), (4,), (5,), (6,), (6,), (6,), (6,), (6,), (7,), (8,), (8,), (8,), (8,), (8,), (12,), (12,), (12,), (12,), (13,), (15,), (16,), (16,), (16,), (16,), (16,), (16,), (20,), (22,), (23,), (25,), (26,), (26,), (26,), (29,), (30,), (31,), (32,), (33,), (34,), (35,), (36,), (37,), (38,), (39,), (40,), (41,), (42,), (43,), (44,), (44,), (44,), (44,), (44,), (44,), (45,), (45,), (45,), (47,)))	0.967	simulate
goodput_vs_num_devices	56	13958643712	bert-6.7b	48	-1	None	azure_v2	{'rate_scale': 16, 'cv_scale': 1, 'trace_dir': '/home/zhangy/data/datasets/azure_v2.pkl'}	5	-1	sr-replace-21600	None	None	None	None	ModelPlacementWithReplacement(num_segments=4)	0.991	simulate
goodput_vs_num_devices	48	13958643712	bert-6.7b	48	-1	None	azure_v2	{'rate_scale': 16, 'cv_scale': 1, 'trace_dir': '/home/zhangy/data/datasets/azure_v2.pkl'}	5	-1	mp-search	None	None	None	None	ModelPlacement(group_configs=(ParallelConfig(dp=1, op=1, pp=8), ParallelConfig(dp=1, op=1, pp=8), ParallelConfig(dp=1, op=1, pp=8), ParallelConfig(dp=1, op=1, pp=8), ParallelConfig(dp=1, op=1, pp=8), ParallelConfig(dp=1, op=1, pp=8)), group_models=((0, 1, 3, 20, 25, 44, 47), (2, 8, 13, 35, 39, 40, 45), (4, 5, 30, 31, 32, 41, 42), (6, 12, 15, 22, 34, 36, 43), (7, 16, 23, 29, 33, 37, 38), (9, 10, 11, 16, 24, 26, 46)))	0.993	simulate
goodput_vs_num_devices	56	13958643712	bert-6.7b	48	-1	None	azure_v2	{'rate_scale': 16, 'cv_scale': 1, 'trace_dir': '/home/zhangy/data/datasets/azure_v2.pkl'}	5	-1	mp-search	None	None	None	None	ModelPlacement(group_configs=(ParallelConfig(dp=1, op=1, pp=8), ParallelConfig(dp=1, op=1, pp=8), ParallelConfig(dp=1, op=1, pp=8), ParallelConfig(dp=1, op=1, pp=8), ParallelConfig(dp=1, op=1, pp=8), ParallelConfig(dp=1, op=1, pp=8), ParallelConfig(dp=1, op=1, pp=8)), group_models=((0, 4, 5, 10, 29, 37, 39), (1, 2, 6, 16, 30, 36, 47), (3, 7, 12, 23, 34, 35, 45), (8, 20, 22, 25, 33, 40, 43), (9, 11, 16, 17, 24, 44, 46), (13, 15, 31, 32, 38, 41, 42), (14, 18, 19, 21, 26, 27, 28)))	1.0	simulate
goodput_vs_num_devices	64	13958643712	bert-6.7b	48	-1	None	azure_v2	{'rate_scale': 16, 'cv_scale': 1, 'trace_dir': '/home/zhangy/data/datasets/azure_v2.pkl'}	5	-1	mp-search	None	None	None	None	ModelPlacement(group_configs=(ParallelConfig(dp=1, op=4, pp=1), ParallelConfig(dp=1, op=4, pp=1), ParallelConfig(dp=1, op=4, pp=1), ParallelConfig(dp=1, op=4, pp=1), ParallelConfig(dp=1, op=4, pp=1), ParallelConfig(dp=1, op=4, pp=1), ParallelConfig(dp=1, op=4, pp=1), ParallelConfig(dp=1, op=4, pp=1), ParallelConfig(dp=1, op=4, pp=1), ParallelConfig(dp=1, op=4, pp=1), ParallelConfig(dp=1, op=4, pp=1), ParallelConfig(dp=1, op=4, pp=1), ParallelConfig(dp=1, op=4, pp=1), ParallelConfig(dp=1, op=4, pp=1), ParallelConfig(dp=1, op=4, pp=1), ParallelConfig(dp=1, op=4, pp=1)), group_models=((0, 8, 10, 23), (1, 4, 9, 46), (2, 31, 33, 40), (3, 6, 30, 35), (4, 6, 20, 26), (5, 12, 15, 45), (6, 8, 21, 44), (6, 16, 34, 37), (7, 39, 42, 43), (8, 14, 19, 44), (11, 24, 28, 38), (12, 16, 26, 42), (12, 29, 36, 45), (13, 16, 25, 41), (16, 22, 32, 47), (17, 18, 27, 44)))	1.0	simulate
goodput_vs_slo	64	13958643712	bert-6.7b	48	-1	None	azure_v2	{'rate_scale': 16, 'cv_scale': 1, 'trace_dir': '/home/zhangy/data/datasets/azure_v2.pkl'}	0.5	-1	mp-search	None	None	None	None	ModelPlacement(group_configs=(ParallelConfig(dp=1, op=4, pp=1), ParallelConfig(dp=1, op=4, pp=1), ParallelConfig(dp=1, op=4, pp=1), ParallelConfig(dp=1, op=4, pp=1), ParallelConfig(dp=1, op=4, pp=1), ParallelConfig(dp=1, op=4, pp=1), ParallelConfig(dp=1, op=4, pp=1), ParallelConfig(dp=1, op=4, pp=1), ParallelConfig(dp=1, op=4, pp=1), ParallelConfig(dp=1, op=4, pp=1), ParallelConfig(dp=1, op=4, pp=1), ParallelConfig(dp=1, op=4, pp=1), ParallelConfig(dp=1, op=4, pp=1), ParallelConfig(dp=1, op=4, pp=1), ParallelConfig(dp=1, op=4, pp=1), ParallelConfig(dp=1, op=4, pp=1)), group_models=((4, 6, 16, 30), (4, 8, 12, 34), (4, 8, 33, 38), (4, 12, 22, 29), (6, 8, 16, 44), (6, 8, 44, 45), (6, 12, 16, 40), (6, 12, 16, 42), (6, 12, 16, 44), (7, 16, 44, 45), (8, 16, 31, 45), (8, 16, 38, 44), (12, 13, 39, 44), (12, 26, 32, 43), (12, 26, 36, 37), (16, 26, 35, 41)))	0.864	simulate
goodput_vs_slo	64	13958643712	bert-6.7b	48	-1	None	azure_v2	{'rate_scale': 16, 'cv_scale': 1, 'trace_dir': '/home/zhangy/data/datasets/azure_v2.pkl'}	2	-1	sr-greedy	None	None	None	None	ModelPlacement(group_configs=(ParallelConfig(dp=1, op=1, pp=1), ParallelConfig(dp=1, op=1, pp=1), ParallelConfig(dp=1, op=1, pp=1), ParallelConfig(dp=1, op=1, pp=1), ParallelConfig(dp=1, op=1, pp=1), ParallelConfig(dp=1, op=1, pp=1), ParallelConfig(dp=1, op=1, pp=1), ParallelConfig(dp=1, op=1, pp=1), ParallelConfig(dp=1, op=1, pp=1), ParallelConfig(dp=1, op=1, pp=1), ParallelConfig(dp=1, op=1, pp=1), ParallelConfig(dp=1, op=1, pp=1), ParallelConfig(dp=1, op=1, pp=1), ParallelConfig(dp=1, op=1, pp=1), ParallelConfig(dp=1, op=1, pp=1), ParallelConfig(dp=1, op=1, pp=1), ParallelConfig(dp=1, op=1, pp=1), ParallelConfig(dp=1, op=1, pp=1), ParallelConfig(dp=1, op=1, pp=1), ParallelConfig(dp=1, op=1, pp=1), ParallelConfig(dp=1, op=1, pp=1), ParallelConfig(dp=1, op=1, pp=1), ParallelConfig(dp=1, op=1, pp=1), ParallelConfig(dp=1, op=1, pp=1), ParallelConfig(dp=1, op=1, pp=1), ParallelConfig(dp=1, op=1, pp=1), ParallelConfig(dp=1, op=1, pp=1), ParallelConfig(dp=1, op=1, pp=1), ParallelConfig(dp=1, op=1, pp=1), ParallelConfig(dp=1, op=1, pp=1), ParallelConfig(dp=1, op=1, pp=1), ParallelConfig(dp=1, op=1, pp=1), ParallelConfig(dp=1, op=1, pp=1), ParallelConfig(dp=1, op=1, pp=1), ParallelConfig(dp=1, op=1, pp=1), ParallelConfig(dp=1, op=1, pp=1), ParallelConfig(dp=1, op=1, pp=1), ParallelConfig(dp=1, op=1, pp=1), ParallelConfig(dp=1, op=1, pp=1), ParallelConfig(dp=1, op=1, pp=1), ParallelConfig(dp=1, op=1, pp=1), ParallelConfig(dp=1, op=1, pp=1), ParallelConfig(dp=1, op=1, pp=1), ParallelConfig(dp=1, op=1, pp=1), ParallelConfig(dp=1, op=1, pp=1), ParallelConfig(dp=1, op=1, pp=1), ParallelConfig(dp=1, op=1, pp=1), ParallelConfig(dp=1, op=1, pp=1), ParallelConfig(dp=1, op=1, pp=1), ParallelConfig(dp=1, op=1, pp=1), ParallelConfig(dp=1, op=1, pp=1), ParallelConfig(dp=1, op=1, pp=1), ParallelConfig(dp=1, op=1, pp=1), ParallelConfig(dp=1, op=1, pp=1), ParallelConfig(dp=1, op=1, pp=1), ParallelConfig(dp=1, op=1, pp=1), ParallelConfig(dp=1, op=1, pp=1), ParallelConfig(dp=1, op=1, pp=1), ParallelConfig(dp=1, op=1, pp=1), ParallelConfig(dp=1, op=1, pp=1), ParallelConfig(dp=1, op=1, pp=1), ParallelConfig(dp=1, op=1, pp=1), ParallelConfig(dp=1, op=1, pp=1), ParallelConfig(dp=1, op=1, pp=1)), group_models=((4,), (4,), (4,), (4,), (4,), (6,), (6,), (6,), (6,), (6,), (6,), (7,), (8,), (8,), (8,), (8,), (8,), (8,), (12,), (12,), (12,), (12,), (12,), (12,), (13,), (16,), (16,), (16,), (16,), (16,), (16,), (16,), (16,), (22,), (26,), (26,), (26,), (26,), (29,), (30,), (31,), (32,), (33,), (34,), (35,), (36,), (37,), (38,), (38,), (39,), (40,), (41,), (42,), (43,), (44,), (44,), (44,), (44,), (44,), (44,), (44,), (45,), (45,), (45,)))	0.9	simulate
goodput_vs_slo	64	13958643712	bert-6.7b	48	-1	None	azure_v2	{'rate_scale': 16, 'cv_scale': 1, 'trace_dir': '/home/zhangy/data/datasets/azure_v2.pkl'}	2	-1	sr-replace-21600	None	None	None	None	ModelPlacementWithReplacement(num_segments=4)	0.97	simulate
goodput_vs_slo	64	13958643712	bert-6.7b	48	-1	None	azure_v2	{'rate_scale': 16, 'cv_scale': 1, 'trace_dir': '/home/zhangy/data/datasets/azure_v2.pkl'}	1	-1	sr-greedy	None	None	None	None	ModelPlacement(group_configs=(ParallelConfig(dp=1, op=1, pp=1), ParallelConfig(dp=1, op=1, pp=1), ParallelConfig(dp=1, op=1, pp=1), ParallelConfig(dp=1, op=1, pp=1), ParallelConfig(dp=1, op=1, pp=1), ParallelConfig(dp=1, op=1, pp=1), ParallelConfig(dp=1, op=1, pp=1), ParallelConfig(dp=1, op=1, pp=1), ParallelConfig(dp=1, op=1, pp=1), ParallelConfig(dp=1, op=1, pp=1), ParallelConfig(dp=1, op=1, pp=1), ParallelConfig(dp=1, op=1, pp=1), ParallelConfig(dp=1, op=1, pp=1), ParallelConfig(dp=1, op=1, pp=1), ParallelConfig(dp=1, op=1, pp=1), ParallelConfig(dp=1, op=1, pp=1), ParallelConfig(dp=1, op=1, pp=1), ParallelConfig(dp=1, op=1, pp=1), ParallelConfig(dp=1, op=1, pp=1), ParallelConfig(dp=1, op=1, pp=1), ParallelConfig(dp=1, op=1, pp=1), ParallelConfig(dp=1, op=1, pp=1), ParallelConfig(dp=1, op=1, pp=1), ParallelConfig(dp=1, op=1, pp=1), ParallelConfig(dp=1, op=1, pp=1), ParallelConfig(dp=1, op=1, pp=1), ParallelConfig(dp=1, op=1, pp=1), ParallelConfig(dp=1, op=1, pp=1), ParallelConfig(dp=1, op=1, pp=1), ParallelConfig(dp=1, op=1, pp=1), ParallelConfig(dp=1, op=1, pp=1), ParallelConfig(dp=1, op=1, pp=1), ParallelConfig(dp=1, op=1, pp=1), ParallelConfig(dp=1, op=1, pp=1), ParallelConfig(dp=1, op=1, pp=1), ParallelConfig(dp=1, op=1, pp=1), ParallelConfig(dp=1, op=1, pp=1), ParallelConfig(dp=1, op=1, pp=1), ParallelConfig(dp=1, op=1, pp=1), ParallelConfig(dp=1, op=1, pp=1), ParallelConfig(dp=1, op=1, pp=1), ParallelConfig(dp=1, op=1, pp=1), ParallelConfig(dp=1, op=1, pp=1), ParallelConfig(dp=1, op=1, pp=1), ParallelConfig(dp=1, op=1, pp=1), ParallelConfig(dp=1, op=1, pp=1), ParallelConfig(dp=1, op=1, pp=1), ParallelConfig(dp=1, op=1, pp=1), ParallelConfig(dp=1, op=1, pp=1), ParallelConfig(dp=1, op=1, pp=1), ParallelConfig(dp=1, op=1, pp=1), ParallelConfig(dp=1, op=1, pp=1), ParallelConfig(dp=1, op=1, pp=1), ParallelConfig(dp=1, op=1, pp=1), ParallelConfig(dp=1, op=1, pp=1), ParallelConfig(dp=1, op=1, pp=1), ParallelConfig(dp=1, op=1, pp=1), ParallelConfig(dp=1, op=1, pp=1), ParallelConfig(dp=1, op=1, pp=1), ParallelConfig(dp=1, op=1, pp=1), ParallelConfig(dp=1, op=1, pp=1), ParallelConfig(dp=1, op=1, pp=1), ParallelConfig(dp=1, op=1, pp=1), ParallelConfig(dp=1, op=1, pp=1)), group_models=((26,), (26,), (26,), (26,), (26,), (26,), (26,), (26,), (26,), (26,), (26,), (26,), (26,), (26,), (26,), (26,), (26,), (26,), (26,), (26,), (26,), (26,), (26,), (26,), (26,), (26,), (26,), (26,), (26,), (26,), (26,), (26,), (26,), (26,), (26,), (26,), (26,), (26,), (26,), (26,), (26,), (26,), (26,), (26,), (26,), (26,), (26,), (26,), (26,), (26,), (26,), (26,), (26,), (26,), (26,), (26,), (26,), (26,), (26,), (26,), (26,), (26,), (26,), (26,)))	0.0	simulate
goodput_vs_slo	64	13958643712	bert-6.7b	48	-1	None	azure_v2	{'rate_scale': 16, 'cv_scale': 1, 'trace_dir': '/home/zhangy/data/datasets/azure_v2.pkl'}	1.5	-1	sr-greedy	None	None	None	None	ModelPlacement(group_configs=(ParallelConfig(dp=1, op=1, pp=1), ParallelConfig(dp=1, op=1, pp=1), ParallelConfig(dp=1, op=1, pp=1), ParallelConfig(dp=1, op=1, pp=1), ParallelConfig(dp=1, op=1, pp=1), ParallelConfig(dp=1, op=1, pp=1), ParallelConfig(dp=1, op=1, pp=1), ParallelConfig(dp=1, op=1, pp=1), ParallelConfig(dp=1, op=1, pp=1), ParallelConfig(dp=1, op=1, pp=1), ParallelConfig(dp=1, op=1, pp=1), ParallelConfig(dp=1, op=1, pp=1), ParallelConfig(dp=1, op=1, pp=1), ParallelConfig(dp=1, op=1, pp=1), ParallelConfig(dp=1, op=1, pp=1), ParallelConfig(dp=1, op=1, pp=1), ParallelConfig(dp=1, op=1, pp=1), ParallelConfig(dp=1, op=1, pp=1), ParallelConfig(dp=1, op=1, pp=1), ParallelConfig(dp=1, op=1, pp=1), ParallelConfig(dp=1, op=1, pp=1), ParallelConfig(dp=1, op=1, pp=1), ParallelConfig(dp=1, op=1, pp=1), ParallelConfig(dp=1, op=1, pp=1), ParallelConfig(dp=1, op=1, pp=1), ParallelConfig(dp=1, op=1, pp=1), ParallelConfig(dp=1, op=1, pp=1), ParallelConfig(dp=1, op=1, pp=1), ParallelConfig(dp=1, op=1, pp=1), ParallelConfig(dp=1, op=1, pp=1), ParallelConfig(dp=1, op=1, pp=1), ParallelConfig(dp=1, op=1, pp=1), ParallelConfig(dp=1, op=1, pp=1), ParallelConfig(dp=1, op=1, pp=1), ParallelConfig(dp=1, op=1, pp=1), ParallelConfig(dp=1, op=1, pp=1), ParallelConfig(dp=1, op=1, pp=1), ParallelConfig(dp=1, op=1, pp=1), ParallelConfig(dp=1, op=1, pp=1), ParallelConfig(dp=1, op=1, pp=1), ParallelConfig(dp=1, op=1, pp=1), ParallelConfig(dp=1, op=1, pp=1), ParallelConfig(dp=1, op=1, pp=1), ParallelConfig(dp=1, op=1, pp=1), ParallelConfig(dp=1, op=1, pp=1), ParallelConfig(dp=1, op=1, pp=1), ParallelConfig(dp=1, op=1, pp=1), ParallelConfig(dp=1, op=1, pp=1), ParallelConfig(dp=1, op=1, pp=1), ParallelConfig(dp=1, op=1, pp=1), ParallelConfig(dp=1, op=1, pp=1), ParallelConfig(dp=1, op=1, pp=1), ParallelConfig(dp=1, op=1, pp=1), ParallelConfig(dp=1, op=1, pp=1), ParallelConfig(dp=1, op=1, pp=1), ParallelConfig(dp=1, op=1, pp=1), ParallelConfig(dp=1, op=1, pp=1), ParallelConfig(dp=1, op=1, pp=1), ParallelConfig(dp=1, op=1, pp=1), ParallelConfig(dp=1, op=1, pp=1), ParallelConfig(dp=1, op=1, pp=1), ParallelConfig(dp=1, op=1, pp=1), ParallelConfig(dp=1, op=1, pp=1), ParallelConfig(dp=1, op=1, pp=1)), group_models=((4,), (4,), (4,), (4,), (4,), (6,), (6,), (6,), (6,), (6,), (6,), (6,), (7,), (8,), (8,), (8,), (8,), (8,), (8,), (8,), (12,), (12,), (12,), (12,), (12,), (12,), (12,), (12,), (13,), (16,), (16,), (16,), (16,), (16,), (16,), (16,), (16,), (16,), (22,), (26,), (26,), (26,), (26,), (29,), (30,), (31,), (34,), (38,), (38,), (39,), (40,), (42,), (44,), (44,), (44,), (44,), (44,), (44,), (44,), (44,), (45,), (45,), (45,), (45,)))	0.825	simulate
goodput_vs_slo	64	13958643712	bert-6.7b	48	-1	None	azure_v2	{'rate_scale': 16, 'cv_scale': 1, 'trace_dir': '/home/zhangy/data/datasets/azure_v2.pkl'}	0.75	-1	sr-replace-21600	None	None	None	None	ModelPlacementWithReplacement(num_segments=4)	0.0	simulate
goodput_vs_slo	64	13958643712	bert-6.7b	48	-1	None	azure_v2	{'rate_scale': 16, 'cv_scale': 1, 'trace_dir': '/home/zhangy/data/datasets/azure_v2.pkl'}	1	-1	sr-replace-21600	None	None	None	None	ModelPlacementWithReplacement(num_segments=4)	0.0	simulate
goodput_vs_slo	64	13958643712	bert-6.7b	48	-1	None	azure_v2	{'rate_scale': 16, 'cv_scale': 1, 'trace_dir': '/home/zhangy/data/datasets/azure_v2.pkl'}	1.5	-1	sr-replace-21600	None	None	None	None	ModelPlacementWithReplacement(num_segments=4)	0.935	simulate
goodput_vs_slo	64	13958643712	bert-6.7b	48	-1	None	azure_v2	{'rate_scale': 16, 'cv_scale': 1, 'trace_dir': '/home/zhangy/data/datasets/azure_v2.pkl'}	2	-1	mp-search	None	None	None	None	ModelPlacement(group_configs=(ParallelConfig(dp=1, op=1, pp=8), ParallelConfig(dp=1, op=1, pp=8), ParallelConfig(dp=1, op=1, pp=8), ParallelConfig(dp=1, op=1, pp=8), ParallelConfig(dp=1, op=1, pp=8), ParallelConfig(dp=1, op=1, pp=8), ParallelConfig(dp=1, op=1, pp=8), ParallelConfig(dp=1, op=1, pp=8)), group_models=((0, 1, 6, 8, 10, 20, 30), (2, 3, 5, 9, 25, 44, 46), (4, 8, 15, 16, 23, 43, 47), (6, 7, 35, 36, 39, 41, 42), (11, 12, 16, 17, 24, 31, 38), (12, 14, 19, 21, 26, 27, 45), (12, 18, 28, 34, 37, 40, 44), (13, 16, 22, 29, 32, 33, 45)))	0.999	simulate
goodput_vs_slo	64	13958643712	bert-6.7b	48	-1	None	azure_v2	{'rate_scale': 16, 'cv_scale': 1, 'trace_dir': '/home/zhangy/data/datasets/azure_v2.pkl'}	0.75	-1	mp-search	None	None	None	None	ModelPlacement(group_configs=(ParallelConfig(dp=1, op=4, pp=1), ParallelConfig(dp=1, op=4, pp=1), ParallelConfig(dp=1, op=4, pp=1), ParallelConfig(dp=1, op=4, pp=1), ParallelConfig(dp=1, op=4, pp=1), ParallelConfig(dp=1, op=4, pp=1), ParallelConfig(dp=1, op=4, pp=1), ParallelConfig(dp=1, op=4, pp=1), ParallelConfig(dp=1, op=4, pp=1), ParallelConfig(dp=1, op=4, pp=1), ParallelConfig(dp=1, op=4, pp=1), ParallelConfig(dp=1, op=4, pp=1), ParallelConfig(dp=1, op=4, pp=1), ParallelConfig(dp=1, op=4, pp=1), ParallelConfig(dp=1, op=4, pp=1), ParallelConfig(dp=1, op=4, pp=1)), group_models=((2, 4, 6, 8), (3, 26, 44, 47), (4, 29, 33, 37), (4, 30, 36, 39), (5, 15, 16, 26), (6, 8, 12, 45), (6, 8, 23, 44), (6, 12, 16, 31), (6, 12, 16, 40), (7, 8, 16, 34), (12, 13, 16, 42), (12, 16, 22, 45), (12, 16, 38, 44), (12, 25, 26, 38), (32, 35, 40, 44), (41, 43, 44, 45)))	0.94	simulate
goodput_vs_slo	64	13958643712	bert-6.7b	48	-1	None	azure_v2	{'rate_scale': 16, 'cv_scale': 1, 'trace_dir': '/home/zhangy/data/datasets/azure_v2.pkl'}	1	-1	mp-search	None	None	None	None	ModelPlacement(group_configs=(ParallelConfig(dp=1, op=4, pp=1), ParallelConfig(dp=1, op=4, pp=1), ParallelConfig(dp=1, op=4, pp=1), ParallelConfig(dp=1, op=4, pp=1), ParallelConfig(dp=1, op=4, pp=1), ParallelConfig(dp=1, op=4, pp=1), ParallelConfig(dp=1, op=4, pp=1), ParallelConfig(dp=1, op=4, pp=1), ParallelConfig(dp=1, op=4, pp=1), ParallelConfig(dp=1, op=4, pp=1), ParallelConfig(dp=1, op=4, pp=1), ParallelConfig(dp=1, op=4, pp=1), ParallelConfig(dp=1, op=4, pp=1), ParallelConfig(dp=1, op=4, pp=1), ParallelConfig(dp=1, op=4, pp=1), ParallelConfig(dp=1, op=4, pp=1)), group_models=((0, 3, 16, 38), (1, 4, 37, 44), (2, 4, 44, 45), (4, 6, 8, 35), (5, 12, 15, 44), (6, 7, 39, 40), (6, 8, 16, 41), (6, 8, 36, 43), (8, 31, 32, 45), (9, 10, 20, 26), (12, 13, 16, 30), (12, 16, 22, 34), (12, 16, 29, 45), (12, 16, 33, 42), (23, 25, 44, 47), (24, 26, 40, 46)))	0.975	simulate
goodput_vs_slo	64	13958643712	bert-6.7b	48	-1	None	azure_v2	{'rate_scale': 16, 'cv_scale': 1, 'trace_dir': '/home/zhangy/data/datasets/azure_v2.pkl'}	1.5	-1	mp-search	None	None	None	None	ModelPlacement(group_configs=(ParallelConfig(dp=1, op=1, pp=8), ParallelConfig(dp=1, op=1, pp=8), ParallelConfig(dp=1, op=1, pp=8), ParallelConfig(dp=1, op=1, pp=8), ParallelConfig(dp=1, op=1, pp=8), ParallelConfig(dp=1, op=1, pp=8), ParallelConfig(dp=1, op=1, pp=8), ParallelConfig(dp=1, op=1, pp=8)), group_models=((0, 3, 8, 15, 20, 38, 40), (1, 9, 10, 12, 41, 43, 44), (2, 12, 13, 16, 33, 37, 45), (4, 5, 23, 25, 32, 39, 45), (4, 6, 16, 24, 44, 46, 47), (6, 7, 8, 16, 22, 30, 36), (6, 11, 12, 17, 18, 26, 40), (12, 16, 29, 31, 34, 35, 42)))	0.991	simulate
goodput_vs_slo	64	13958643712	bert-6.7b	48	-1	None	azure_v2	{'rate_scale': 16, 'cv_scale': 1, 'trace_dir': '/home/zhangy/data/datasets/azure_v2.pkl'}	3	-1	sr-greedy	None	None	None	None	ModelPlacement(group_configs=(ParallelConfig(dp=1, op=1, pp=1), ParallelConfig(dp=1, op=1, pp=1), ParallelConfig(dp=1, op=1, pp=1), ParallelConfig(dp=1, op=1, pp=1), ParallelConfig(dp=1, op=1, pp=1), ParallelConfig(dp=1, op=1, pp=1), ParallelConfig(dp=1, op=1, pp=1), ParallelConfig(dp=1, op=1, pp=1), ParallelConfig(dp=1, op=1, pp=1), ParallelConfig(dp=1, op=1, pp=1), ParallelConfig(dp=1, op=1, pp=1), ParallelConfig(dp=1, op=1, pp=1), ParallelConfig(dp=1, op=1, pp=1), ParallelConfig(dp=1, op=1, pp=1), ParallelConfig(dp=1, op=1, pp=1), ParallelConfig(dp=1, op=1, pp=1), ParallelConfig(dp=1, op=1, pp=1), ParallelConfig(dp=1, op=1, pp=1), ParallelConfig(dp=1, op=1, pp=1), ParallelConfig(dp=1, op=1, pp=1), ParallelConfig(dp=1, op=1, pp=1), ParallelConfig(dp=1, op=1, pp=1), ParallelConfig(dp=1, op=1, pp=1), ParallelConfig(dp=1, op=1, pp=1), ParallelConfig(dp=1, op=1, pp=1), ParallelConfig(dp=1, op=1, pp=1), ParallelConfig(dp=1, op=1, pp=1), ParallelConfig(dp=1, op=1, pp=1), ParallelConfig(dp=1, op=1, pp=1), ParallelConfig(dp=1, op=1, pp=1), ParallelConfig(dp=1, op=1, pp=1), ParallelConfig(dp=1, op=1, pp=1), ParallelConfig(dp=1, op=1, pp=1), ParallelConfig(dp=1, op=1, pp=1), ParallelConfig(dp=1, op=1, pp=1), ParallelConfig(dp=1, op=1, pp=1), ParallelConfig(dp=1, op=1, pp=1), ParallelConfig(dp=1, op=1, pp=1), ParallelConfig(dp=1, op=1, pp=1), ParallelConfig(dp=1, op=1, pp=1), ParallelConfig(dp=1, op=1, pp=1), ParallelConfig(dp=1, op=1, pp=1), ParallelConfig(dp=1, op=1, pp=1), ParallelConfig(dp=1, op=1, pp=1), ParallelConfig(dp=1, op=1, pp=1), ParallelConfig(dp=1, op=1, pp=1), ParallelConfig(dp=1, op=1, pp=1), ParallelConfig(dp=1, op=1, pp=1), ParallelConfig(dp=1, op=1, pp=1), ParallelConfig(dp=1, op=1, pp=1), ParallelConfig(dp=1, op=1, pp=1), ParallelConfig(dp=1, op=1, pp=1), ParallelConfig(dp=1, op=1, pp=1), ParallelConfig(dp=1, op=1, pp=1), ParallelConfig(dp=1, op=1, pp=1), ParallelConfig(dp=1, op=1, pp=1), ParallelConfig(dp=1, op=1, pp=1), ParallelConfig(dp=1, op=1, pp=1), ParallelConfig(dp=1, op=1, pp=1), ParallelConfig(dp=1, op=1, pp=1), ParallelConfig(dp=1, op=1, pp=1), ParallelConfig(dp=1, op=1, pp=1), ParallelConfig(dp=1, op=1, pp=1), ParallelConfig(dp=1, op=1, pp=1)), group_models=((2,), (4,), (4,), (4,), (4,), (5,), (6,), (6,), (6,), (6,), (6,), (6,), (7,), (8,), (8,), (8,), (8,), (8,), (12,), (12,), (12,), (12,), (12,), (13,), (15,), (16,), (16,), (16,), (16,), (16,), (16,), (16,), (22,), (23,), (25,), (26,), (26,), (26,), (29,), (30,), (31,), (32,), (33,), (34,), (35,), (36,), (37,), (38,), (38,), (39,), (40,), (41,), (42,), (43,), (44,), (44,), (44,), (44,), (44,), (44,), (45,), (45,), (45,), (47,)))	0.94	simulate
goodput_vs_slo	64	13958643712	bert-6.7b	48	-1	None	azure_v2	{'rate_scale': 16, 'cv_scale': 1, 'trace_dir': '/home/zhangy/data/datasets/azure_v2.pkl'}	4	-1	sr-greedy	None	None	None	None	ModelPlacement(group_configs=(ParallelConfig(dp=1, op=1, pp=1), ParallelConfig(dp=1, op=1, pp=1), ParallelConfig(dp=1, op=1, pp=1), ParallelConfig(dp=1, op=1, pp=1), ParallelConfig(dp=1, op=1, pp=1), ParallelConfig(dp=1, op=1, pp=1), ParallelConfig(dp=1, op=1, pp=1), ParallelConfig(dp=1, op=1, pp=1), ParallelConfig(dp=1, op=1, pp=1), ParallelConfig(dp=1, op=1, pp=1), ParallelConfig(dp=1, op=1, pp=1), ParallelConfig(dp=1, op=1, pp=1), ParallelConfig(dp=1, op=1, pp=1), ParallelConfig(dp=1, op=1, pp=1), ParallelConfig(dp=1, op=1, pp=1), ParallelConfig(dp=1, op=1, pp=1), ParallelConfig(dp=1, op=1, pp=1), ParallelConfig(dp=1, op=1, pp=1), ParallelConfig(dp=1, op=1, pp=1), ParallelConfig(dp=1, op=1, pp=1), ParallelConfig(dp=1, op=1, pp=1), ParallelConfig(dp=1, op=1, pp=1), ParallelConfig(dp=1, op=1, pp=1), ParallelConfig(dp=1, op=1, pp=1), ParallelConfig(dp=1, op=1, pp=1), ParallelConfig(dp=1, op=1, pp=1), ParallelConfig(dp=1, op=1, pp=1), ParallelConfig(dp=1, op=1, pp=1), ParallelConfig(dp=1, op=1, pp=1), ParallelConfig(dp=1, op=1, pp=1), ParallelConfig(dp=1, op=1, pp=1), ParallelConfig(dp=1, op=1, pp=1), ParallelConfig(dp=1, op=1, pp=1), ParallelConfig(dp=1, op=1, pp=1), ParallelConfig(dp=1, op=1, pp=1), ParallelConfig(dp=1, op=1, pp=1), ParallelConfig(dp=1, op=1, pp=1), ParallelConfig(dp=1, op=1, pp=1), ParallelConfig(dp=1, op=1, pp=1), ParallelConfig(dp=1, op=1, pp=1), ParallelConfig(dp=1, op=1, pp=1), ParallelConfig(dp=1, op=1, pp=1), ParallelConfig(dp=1, op=1, pp=1), ParallelConfig(dp=1, op=1, pp=1), ParallelConfig(dp=1, op=1, pp=1), ParallelConfig(dp=1, op=1, pp=1), ParallelConfig(dp=1, op=1, pp=1), ParallelConfig(dp=1, op=1, pp=1), ParallelConfig(dp=1, op=1, pp=1), ParallelConfig(dp=1, op=1, pp=1), ParallelConfig(dp=1, op=1, pp=1), ParallelConfig(dp=1, op=1, pp=1), ParallelConfig(dp=1, op=1, pp=1), ParallelConfig(dp=1, op=1, pp=1), ParallelConfig(dp=1, op=1, pp=1), ParallelConfig(dp=1, op=1, pp=1), ParallelConfig(dp=1, op=1, pp=1), ParallelConfig(dp=1, op=1, pp=1), ParallelConfig(dp=1, op=1, pp=1), ParallelConfig(dp=1, op=1, pp=1), ParallelConfig(dp=1, op=1, pp=1), ParallelConfig(dp=1, op=1, pp=1), ParallelConfig(dp=1, op=1, pp=1), ParallelConfig(dp=1, op=1, pp=1)), group_models=((0,), (2,), (3,), (4,), (4,), (4,), (4,), (5,), (6,), (6,), (6,), (6,), (6,), (7,), (8,), (8,), (8,), (8,), (8,), (12,), (12,), (12,), (12,), (13,), (15,), (16,), (16,), (16,), (16,), (16,), (16,), (16,), (22,), (23,), (25,), (26,), (26,), (26,), (29,), (30,), (31,), (32,), (33,), (34,), (35,), (36,), (37,), (38,), (38,), (39,), (40,), (41,), (42,), (43,), (44,), (44,), (44,), (44,), (44,), (44,), (45,), (45,), (45,), (47,)))	0.958	simulate
goodput_vs_slo	64	13958643712	bert-6.7b	48	-1	None	azure_v2	{'rate_scale': 16, 'cv_scale': 1, 'trace_dir': '/home/zhangy/data/datasets/azure_v2.pkl'}	2.5	-1	sr-replace-21600	None	None	None	None	ModelPlacementWithReplacement(num_segments=4)	0.983	simulate
goodput_vs_slo	64	13958643712	bert-6.7b	48	-1	None	azure_v2	{'rate_scale': 16, 'cv_scale': 1, 'trace_dir': '/home/zhangy/data/datasets/azure_v2.pkl'}	4	-1	sr-replace-21600	None	None	None	None	ModelPlacementWithReplacement(num_segments=4)	0.995	simulate
goodput_vs_slo	64	13958643712	bert-6.7b	48	-1	None	azure_v2	{'rate_scale': 16, 'cv_scale': 1, 'trace_dir': '/home/zhangy/data/datasets/azure_v2.pkl'}	2.5	-1	sr-greedy	None	None	None	None	ModelPlacement(group_configs=(ParallelConfig(dp=1, op=1, pp=1), ParallelConfig(dp=1, op=1, pp=1), ParallelConfig(dp=1, op=1, pp=1), ParallelConfig(dp=1, op=1, pp=1), ParallelConfig(dp=1, op=1, pp=1), ParallelConfig(dp=1, op=1, pp=1), ParallelConfig(dp=1, op=1, pp=1), ParallelConfig(dp=1, op=1, pp=1), ParallelConfig(dp=1, op=1, pp=1), ParallelConfig(dp=1, op=1, pp=1), ParallelConfig(dp=1, op=1, pp=1), ParallelConfig(dp=1, op=1, pp=1), ParallelConfig(dp=1, op=1, pp=1), ParallelConfig(dp=1, op=1, pp=1), ParallelConfig(dp=1, op=1, pp=1), ParallelConfig(dp=1, op=1, pp=1), ParallelConfig(dp=1, op=1, pp=1), ParallelConfig(dp=1, op=1, pp=1), ParallelConfig(dp=1, op=1, pp=1), ParallelConfig(dp=1, op=1, pp=1), ParallelConfig(dp=1, op=1, pp=1), ParallelConfig(dp=1, op=1, pp=1), ParallelConfig(dp=1, op=1, pp=1), ParallelConfig(dp=1, op=1, pp=1), ParallelConfig(dp=1, op=1, pp=1), ParallelConfig(dp=1, op=1, pp=1), ParallelConfig(dp=1, op=1, pp=1), ParallelConfig(dp=1, op=1, pp=1), ParallelConfig(dp=1, op=1, pp=1), ParallelConfig(dp=1, op=1, pp=1), ParallelConfig(dp=1, op=1, pp=1), ParallelConfig(dp=1, op=1, pp=1), ParallelConfig(dp=1, op=1, pp=1), ParallelConfig(dp=1, op=1, pp=1), ParallelConfig(dp=1, op=1, pp=1), ParallelConfig(dp=1, op=1, pp=1), ParallelConfig(dp=1, op=1, pp=1), ParallelConfig(dp=1, op=1, pp=1), ParallelConfig(dp=1, op=1, pp=1), ParallelConfig(dp=1, op=1, pp=1), ParallelConfig(dp=1, op=1, pp=1), ParallelConfig(dp=1, op=1, pp=1), ParallelConfig(dp=1, op=1, pp=1), ParallelConfig(dp=1, op=1, pp=1), ParallelConfig(dp=1, op=1, pp=1), ParallelConfig(dp=1, op=1, pp=1), ParallelConfig(dp=1, op=1, pp=1), ParallelConfig(dp=1, op=1, pp=1), ParallelConfig(dp=1, op=1, pp=1), ParallelConfig(dp=1, op=1, pp=1), ParallelConfig(dp=1, op=1, pp=1), ParallelConfig(dp=1, op=1, pp=1), ParallelConfig(dp=1, op=1, pp=1), ParallelConfig(dp=1, op=1, pp=1), ParallelConfig(dp=1, op=1, pp=1), ParallelConfig(dp=1, op=1, pp=1), ParallelConfig(dp=1, op=1, pp=1), ParallelConfig(dp=1, op=1, pp=1), ParallelConfig(dp=1, op=1, pp=1), ParallelConfig(dp=1, op=1, pp=1), ParallelConfig(dp=1, op=1, pp=1), ParallelConfig(dp=1, op=1, pp=1), ParallelConfig(dp=1, op=1, pp=1), ParallelConfig(dp=1, op=1, pp=1)), group_models=((2,), (4,), (4,), (4,), (4,), (5,), (6,), (6,), (6,), (6,), (6,), (6,), (7,), (8,), (8,), (8,), (8,), (8,), (8,), (12,), (12,), (12,), (12,), (12,), (13,), (15,), (16,), (16,), (16,), (16,), (16,), (16,), (16,), (16,), (22,), (23,), (26,), (26,), (26,), (29,), (30,), (31,), (32,), (33,), (34,), (35,), (36,), (37,), (38,), (38,), (39,), (40,), (41,), (42,), (43,), (44,), (44,), (44,), (44,), (44,), (44,), (45,), (45,), (45,)))	0.923	simulate
goodput_vs_slo	64	13958643712	bert-6.7b	48	-1	None	azure_v2	{'rate_scale': 16, 'cv_scale': 1, 'trace_dir': '/home/zhangy/data/datasets/azure_v2.pkl'}	3.5	-1	sr-greedy	None	None	None	None	ModelPlacement(group_configs=(ParallelConfig(dp=1, op=1, pp=1), ParallelConfig(dp=1, op=1, pp=1), ParallelConfig(dp=1, op=1, pp=1), ParallelConfig(dp=1, op=1, pp=1), ParallelConfig(dp=1, op=1, pp=1), ParallelConfig(dp=1, op=1, pp=1), ParallelConfig(dp=1, op=1, pp=1), ParallelConfig(dp=1, op=1, pp=1), ParallelConfig(dp=1, op=1, pp=1), ParallelConfig(dp=1, op=1, pp=1), ParallelConfig(dp=1, op=1, pp=1), ParallelConfig(dp=1, op=1, pp=1), ParallelConfig(dp=1, op=1, pp=1), ParallelConfig(dp=1, op=1, pp=1), ParallelConfig(dp=1, op=1, pp=1), ParallelConfig(dp=1, op=1, pp=1), ParallelConfig(dp=1, op=1, pp=1), ParallelConfig(dp=1, op=1, pp=1), ParallelConfig(dp=1, op=1, pp=1), ParallelConfig(dp=1, op=1, pp=1), ParallelConfig(dp=1, op=1, pp=1), ParallelConfig(dp=1, op=1, pp=1), ParallelConfig(dp=1, op=1, pp=1), ParallelConfig(dp=1, op=1, pp=1), ParallelConfig(dp=1, op=1, pp=1), ParallelConfig(dp=1, op=1, pp=1), ParallelConfig(dp=1, op=1, pp=1), ParallelConfig(dp=1, op=1, pp=1), ParallelConfig(dp=1, op=1, pp=1), ParallelConfig(dp=1, op=1, pp=1), ParallelConfig(dp=1, op=1, pp=1), ParallelConfig(dp=1, op=1, pp=1), ParallelConfig(dp=1, op=1, pp=1), ParallelConfig(dp=1, op=1, pp=1), ParallelConfig(dp=1, op=1, pp=1), ParallelConfig(dp=1, op=1, pp=1), ParallelConfig(dp=1, op=1, pp=1), ParallelConfig(dp=1, op=1, pp=1), ParallelConfig(dp=1, op=1, pp=1), ParallelConfig(dp=1, op=1, pp=1), ParallelConfig(dp=1, op=1, pp=1), ParallelConfig(dp=1, op=1, pp=1), ParallelConfig(dp=1, op=1, pp=1), ParallelConfig(dp=1, op=1, pp=1), ParallelConfig(dp=1, op=1, pp=1), ParallelConfig(dp=1, op=1, pp=1), ParallelConfig(dp=1, op=1, pp=1), ParallelConfig(dp=1, op=1, pp=1), ParallelConfig(dp=1, op=1, pp=1), ParallelConfig(dp=1, op=1, pp=1), ParallelConfig(dp=1, op=1, pp=1), ParallelConfig(dp=1, op=1, pp=1), ParallelConfig(dp=1, op=1, pp=1), ParallelConfig(dp=1, op=1, pp=1), ParallelConfig(dp=1, op=1, pp=1), ParallelConfig(dp=1, op=1, pp=1), ParallelConfig(dp=1, op=1, pp=1), ParallelConfig(dp=1, op=1, pp=1), ParallelConfig(dp=1, op=1, pp=1), ParallelConfig(dp=1, op=1, pp=1), ParallelConfig(dp=1, op=1, pp=1), ParallelConfig(dp=1, op=1, pp=1), ParallelConfig(dp=1, op=1, pp=1), ParallelConfig(dp=1, op=1, pp=1)), group_models=((2,), (3,), (4,), (4,), (4,), (4,), (5,), (6,), (6,), (6,), (6,), (6,), (6,), (7,), (8,), (8,), (8,), (8,), (8,), (12,), (12,), (12,), (12,), (13,), (15,), (16,), (16,), (16,), (16,), (16,), (16,), (16,), (22,), (23,), (25,), (26,), (26,), (26,), (29,), (30,), (31,), (32,), (33,), (34,), (35,), (36,), (37,), (38,), (38,), (39,), (40,), (41,), (42,), (43,), (44,), (44,), (44,), (44,), (44,), (44,), (45,), (45,), (45,), (47,)))	0.951	simulate
goodput_vs_slo	64	13958643712	bert-6.7b	48	-1	None	azure_v2	{'rate_scale': 16, 'cv_scale': 1, 'trace_dir': '/home/zhangy/data/datasets/azure_v2.pkl'}	3.5	-1	sr-replace-21600	None	None	None	None	ModelPlacementWithReplacement(num_segments=4)	0.993	simulate
goodput_vs_slo	64	13958643712	bert-6.7b	48	-1	None	azure_v2	{'rate_scale': 16, 'cv_scale': 1, 'trace_dir': '/home/zhangy/data/datasets/azure_v2.pkl'}	3	-1	sr-replace-21600	None	None	None	None	ModelPlacementWithReplacement(num_segments=4)	0.989	simulate
goodput_vs_slo	64	13958643712	bert-6.7b	48	-1	None	azure_v2	{'rate_scale': 16, 'cv_scale': 1, 'trace_dir': '/home/zhangy/data/datasets/azure_v2.pkl'}	2.5	-1	mp-search	None	None	None	None	ModelPlacement(group_configs=(ParallelConfig(dp=1, op=1, pp=8), ParallelConfig(dp=1, op=1, pp=8), ParallelConfig(dp=1, op=1, pp=8), ParallelConfig(dp=1, op=1, pp=8), ParallelConfig(dp=1, op=1, pp=8), ParallelConfig(dp=1, op=1, pp=8), ParallelConfig(dp=1, op=1, pp=8), ParallelConfig(dp=1, op=1, pp=8)), group_models=((0, 8, 20, 29, 33, 43, 47), (1, 3, 4, 9, 10, 25, 32), (2, 16, 22, 23, 37, 39, 45), (5, 6, 7, 15, 34, 36, 42), (6, 12, 13, 31, 38, 41, 44), (8, 11, 17, 18, 27, 28, 44), (12, 14, 16, 19, 21, 26, 45), (12, 16, 24, 30, 35, 40, 46)))	1.0	simulate
goodput_vs_slo	64	13958643712	bert-6.7b	48	-1	None	azure_v2	{'rate_scale': 16, 'cv_scale': 1, 'trace_dir': '/home/zhangy/data/datasets/azure_v2.pkl'}	3	-1	mp-search	None	None	None	None	ModelPlacement(group_configs=(ParallelConfig(dp=1, op=1, pp=8), ParallelConfig(dp=1, op=1, pp=8), ParallelConfig(dp=1, op=1, pp=8), ParallelConfig(dp=1, op=1, pp=8), ParallelConfig(dp=1, op=1, pp=8), ParallelConfig(dp=1, op=1, pp=8), ParallelConfig(dp=1, op=1, pp=8), ParallelConfig(dp=1, op=1, pp=8)), group_models=((0, 8, 10, 29, 33, 43, 46), (1, 3, 13, 23, 31, 38, 41), (2, 6, 12, 17, 30, 35, 40), (4, 9, 11, 20, 24, 32, 47), (4, 16, 19, 21, 26, 44, 45), (5, 6, 7, 16, 34, 36, 42), (8, 12, 14, 18, 27, 28, 44), (15, 16, 22, 25, 37, 39, 45)))	1.0	simulate
goodput_vs_slo	64	13958643712	bert-6.7b	48	-1	None	azure_v2	{'rate_scale': 16, 'cv_scale': 1, 'trace_dir': '/home/zhangy/data/datasets/azure_v2.pkl'}	3.5	-1	mp-search	None	None	None	None	ModelPlacement(group_configs=(ParallelConfig(dp=1, op=1, pp=8), ParallelConfig(dp=1, op=1, pp=8), ParallelConfig(dp=1, op=1, pp=8), ParallelConfig(dp=1, op=1, pp=8), ParallelConfig(dp=1, op=1, pp=8), ParallelConfig(dp=1, op=1, pp=8), ParallelConfig(dp=1, op=1, pp=8), ParallelConfig(dp=1, op=1, pp=8)), group_models=((0, 2, 12, 20, 30, 35, 40), (1, 15, 16, 22, 37, 39, 45), (3, 10, 13, 23, 31, 38, 41), (4, 6, 9, 17, 32, 46, 47), (4, 16, 19, 21, 26, 44, 45), (5, 6, 7, 25, 34, 36, 42), (8, 11, 16, 24, 29, 33, 43), (8, 12, 14, 18, 27, 28, 44)))	1.0	simulate
goodput_vs_rate_scale	64	13958643712	bert-6.7b	48	-1	None	azure_v2	{'rate_scale': 8, 'cv_scale': 1, 'trace_dir': '/home/zhangy/data/datasets/azure_v2.pkl'}	5	-1	sr-greedy	None	None	None	None	ModelPlacement(group_configs=(ParallelConfig(dp=1, op=1, pp=1), ParallelConfig(dp=1, op=1, pp=1), ParallelConfig(dp=1, op=1, pp=1), ParallelConfig(dp=1, op=1, pp=1), ParallelConfig(dp=1, op=1, pp=1), ParallelConfig(dp=1, op=1, pp=1), ParallelConfig(dp=1, op=1, pp=1), ParallelConfig(dp=1, op=1, pp=1), ParallelConfig(dp=1, op=1, pp=1), ParallelConfig(dp=1, op=1, pp=1), ParallelConfig(dp=1, op=1, pp=1), ParallelConfig(dp=1, op=1, pp=1), ParallelConfig(dp=1, op=1, pp=1), ParallelConfig(dp=1, op=1, pp=1), ParallelConfig(dp=1, op=1, pp=1), ParallelConfig(dp=1, op=1, pp=1), ParallelConfig(dp=1, op=1, pp=1), ParallelConfig(dp=1, op=1, pp=1), ParallelConfig(dp=1, op=1, pp=1), ParallelConfig(dp=1, op=1, pp=1), ParallelConfig(dp=1, op=1, pp=1), ParallelConfig(dp=1, op=1, pp=1), ParallelConfig(dp=1, op=1, pp=1), ParallelConfig(dp=1, op=1, pp=1), ParallelConfig(dp=1, op=1, pp=1), ParallelConfig(dp=1, op=1, pp=1), ParallelConfig(dp=1, op=1, pp=1), ParallelConfig(dp=1, op=1, pp=1), ParallelConfig(dp=1, op=1, pp=1), ParallelConfig(dp=1, op=1, pp=1), ParallelConfig(dp=1, op=1, pp=1), ParallelConfig(dp=1, op=1, pp=1), ParallelConfig(dp=1, op=1, pp=1), ParallelConfig(dp=1, op=1, pp=1), ParallelConfig(dp=1, op=1, pp=1), ParallelConfig(dp=1, op=1, pp=1), ParallelConfig(dp=1, op=1, pp=1), ParallelConfig(dp=1, op=1, pp=1), ParallelConfig(dp=1, op=1, pp=1), ParallelConfig(dp=1, op=1, pp=1), ParallelConfig(dp=1, op=1, pp=1), ParallelConfig(dp=1, op=1, pp=1), ParallelConfig(dp=1, op=1, pp=1), ParallelConfig(dp=1, op=1, pp=1), ParallelConfig(dp=1, op=1, pp=1), ParallelConfig(dp=1, op=1, pp=1), ParallelConfig(dp=1, op=1, pp=1), ParallelConfig(dp=1, op=1, pp=1), ParallelConfig(dp=1, op=1, pp=1), ParallelConfig(dp=1, op=1, pp=1), ParallelConfig(dp=1, op=1, pp=1), ParallelConfig(dp=1, op=1, pp=1), ParallelConfig(dp=1, op=1, pp=1), ParallelConfig(dp=1, op=1, pp=1), ParallelConfig(dp=1, op=1, pp=1), ParallelConfig(dp=1, op=1, pp=1), ParallelConfig(dp=1, op=1, pp=1), ParallelConfig(dp=1, op=1, pp=1), ParallelConfig(dp=1, op=1, pp=1), ParallelConfig(dp=1, op=1, pp=1), ParallelConfig(dp=1, op=1, pp=1), ParallelConfig(dp=1, op=1, pp=1), ParallelConfig(dp=1, op=1, pp=1), ParallelConfig(dp=1, op=1, pp=1)), group_models=((0,), (1,), (2,), (3,), (4,), (4,), (4,), (5,), (6,), (6,), (6,), (6,), (7,), (8,), (8,), (8,), (8,), (9,), (10,), (11,), (12,), (12,), (12,), (12,), (13,), (15,), (16,), (16,), (16,), (16,), (16,), (17,), (18,), (20,), (22,), (23,), (24,), (25,), (26,), (26,), (29,), (30,), (31,), (32,), (33,), (34,), (35,), (36,), (37,), (38,), (39,), (40,), (41,), (42,), (43,), (44,), (44,), (44,), (44,), (45,), (45,), (45,), (46,), (47,)))	0.994	simulate
goodput_vs_rate_scale	64	13958643712	bert-6.7b	48	-1	None	azure_v2	{'rate_scale': 8, 'cv_scale': 1, 'trace_dir': '/home/zhangy/data/datasets/azure_v2.pkl'}	5	-1	sr-replace-21600	None	None	None	None	ModelPlacementWithReplacement(num_segments=4)	1.0	simulate
goodput_vs_rate_scale	64	13958643712	bert-6.7b	48	-1	None	azure_v2	{'rate_scale': 8, 'cv_scale': 1, 'trace_dir': '/home/zhangy/data/datasets/azure_v2.pkl'}	5	-1	mp-search	None	None	None	None	ModelPlacement(group_configs=(ParallelConfig(dp=1, op=4, pp=1), ParallelConfig(dp=1, op=4, pp=1), ParallelConfig(dp=1, op=4, pp=1), ParallelConfig(dp=1, op=4, pp=1), ParallelConfig(dp=1, op=4, pp=1), ParallelConfig(dp=1, op=4, pp=1), ParallelConfig(dp=1, op=4, pp=1), ParallelConfig(dp=1, op=4, pp=1), ParallelConfig(dp=1, op=4, pp=1), ParallelConfig(dp=1, op=4, pp=1), ParallelConfig(dp=1, op=4, pp=1), ParallelConfig(dp=1, op=4, pp=1), ParallelConfig(dp=1, op=4, pp=1), ParallelConfig(dp=1, op=4, pp=1), ParallelConfig(dp=1, op=4, pp=1), ParallelConfig(dp=1, op=4, pp=1)), group_models=((0, 6, 20, 46), (1, 5, 10, 45), (2, 3, 8, 16), (4, 6, 12, 45), (4, 26, 40, 44), (6, 8, 26, 44), (6, 23, 36, 42), (7, 32, 34, 47), (8, 14, 27, 28), (9, 31, 33, 43), (11, 12, 17, 18), (12, 13, 16, 24), (15, 29, 30, 35), (16, 19, 21, 38), (16, 40, 41, 44), (22, 25, 37, 39)))	1.0	simulate
goodput_vs_rate_scale	64	13958643712	bert-6.7b	48	-1	None	azure_v2	{'rate_scale': 32, 'cv_scale': 1, 'trace_dir': '/home/zhangy/data/datasets/azure_v2.pkl'}	5	-1	sr-greedy	None	None	None	None	ModelPlacement(group_configs=(ParallelConfig(dp=1, op=1, pp=1), ParallelConfig(dp=1, op=1, pp=1), ParallelConfig(dp=1, op=1, pp=1), ParallelConfig(dp=1, op=1, pp=1), ParallelConfig(dp=1, op=1, pp=1), ParallelConfig(dp=1, op=1, pp=1), ParallelConfig(dp=1, op=1, pp=1), ParallelConfig(dp=1, op=1, pp=1), ParallelConfig(dp=1, op=1, pp=1), ParallelConfig(dp=1, op=1, pp=1), ParallelConfig(dp=1, op=1, pp=1), ParallelConfig(dp=1, op=1, pp=1), ParallelConfig(dp=1, op=1, pp=1), ParallelConfig(dp=1, op=1, pp=1), ParallelConfig(dp=1, op=1, pp=1), ParallelConfig(dp=1, op=1, pp=1), ParallelConfig(dp=1, op=1, pp=1), ParallelConfig(dp=1, op=1, pp=1), ParallelConfig(dp=1, op=1, pp=1), ParallelConfig(dp=1, op=1, pp=1), ParallelConfig(dp=1, op=1, pp=1), ParallelConfig(dp=1, op=1, pp=1), ParallelConfig(dp=1, op=1, pp=1), ParallelConfig(dp=1, op=1, pp=1), ParallelConfig(dp=1, op=1, pp=1), ParallelConfig(dp=1, op=1, pp=1), ParallelConfig(dp=1, op=1, pp=1), ParallelConfig(dp=1, op=1, pp=1), ParallelConfig(dp=1, op=1, pp=1), ParallelConfig(dp=1, op=1, pp=1), ParallelConfig(dp=1, op=1, pp=1), ParallelConfig(dp=1, op=1, pp=1), ParallelConfig(dp=1, op=1, pp=1), ParallelConfig(dp=1, op=1, pp=1), ParallelConfig(dp=1, op=1, pp=1), ParallelConfig(dp=1, op=1, pp=1), ParallelConfig(dp=1, op=1, pp=1), ParallelConfig(dp=1, op=1, pp=1), ParallelConfig(dp=1, op=1, pp=1), ParallelConfig(dp=1, op=1, pp=1), ParallelConfig(dp=1, op=1, pp=1), ParallelConfig(dp=1, op=1, pp=1), ParallelConfig(dp=1, op=1, pp=1), ParallelConfig(dp=1, op=1, pp=1), ParallelConfig(dp=1, op=1, pp=1), ParallelConfig(dp=1, op=1, pp=1), ParallelConfig(dp=1, op=1, pp=1), ParallelConfig(dp=1, op=1, pp=1), ParallelConfig(dp=1, op=1, pp=1), ParallelConfig(dp=1, op=1, pp=1), ParallelConfig(dp=1, op=1, pp=1), ParallelConfig(dp=1, op=1, pp=1), ParallelConfig(dp=1, op=1, pp=1), ParallelConfig(dp=1, op=1, pp=1), ParallelConfig(dp=1, op=1, pp=1), ParallelConfig(dp=1, op=1, pp=1), ParallelConfig(dp=1, op=1, pp=1), ParallelConfig(dp=1, op=1, pp=1), ParallelConfig(dp=1, op=1, pp=1), ParallelConfig(dp=1, op=1, pp=1), ParallelConfig(dp=1, op=1, pp=1), ParallelConfig(dp=1, op=1, pp=1), ParallelConfig(dp=1, op=1, pp=1), ParallelConfig(dp=1, op=1, pp=1)), group_models=((4,), (4,), (4,), (4,), (4,), (4,), (4,), (6,), (6,), (6,), (6,), (6,), (6,), (6,), (6,), (7,), (8,), (8,), (8,), (8,), (8,), (8,), (8,), (8,), (12,), (12,), (12,), (12,), (13,), (16,), (16,), (16,), (16,), (16,), (16,), (16,), (16,), (22,), (26,), (26,), (26,), (26,), (26,), (29,), (30,), (31,), (38,), (38,), (40,), (42,), (44,), (44,), (44,), (44,), (44,), (44,), (44,), (44,), (44,), (44,), (45,), (45,), (45,), (45,)))	0.827	simulate
goodput_vs_rate_scale	64	13958643712	bert-6.7b	48	-1	None	azure_v2	{'rate_scale': 32, 'cv_scale': 1, 'trace_dir': '/home/zhangy/data/datasets/azure_v2.pkl'}	5	-1	sr-replace-21600	None	None	None	None	ModelPlacementWithReplacement(num_segments=4)	0.979	simulate
goodput_vs_slo	64	13958643712	bert-6.7b	48	-1	None	azure_v2	{'rate_scale': 16, 'cv_scale': 1, 'trace_dir': '/home/zhangy/data/datasets/azure_v2.pkl'}	4	-1	mp-search	None	None	None	None	ModelPlacement(group_configs=(ParallelConfig(dp=1, op=1, pp=8), ParallelConfig(dp=1, op=1, pp=8), ParallelConfig(dp=1, op=1, pp=8), ParallelConfig(dp=1, op=1, pp=8), ParallelConfig(dp=1, op=1, pp=8), ParallelConfig(dp=1, op=1, pp=8), ParallelConfig(dp=1, op=1, pp=8), ParallelConfig(dp=1, op=1, pp=8)), group_models=((0, 2, 10, 12, 30, 35, 40), (1, 6, 8, 24, 29, 33, 43), (3, 9, 13, 23, 31, 38, 41), (4, 8, 12, 16, 26, 44, 45), (4, 11, 16, 17, 32, 46, 47), (5, 6, 7, 25, 34, 36, 42), (14, 18, 19, 21, 27, 28, 44), (15, 16, 20, 22, 37, 39, 45)))	1.0	simulate
goodput_vs_rate_scale	64	13958643712	bert-6.7b	48	-1	None	azure_v2	{'rate_scale': 48, 'cv_scale': 1, 'trace_dir': '/home/zhangy/data/datasets/azure_v2.pkl'}	5	-1	sr-greedy	None	None	None	None	ModelPlacement(group_configs=(ParallelConfig(dp=1, op=1, pp=1), ParallelConfig(dp=1, op=1, pp=1), ParallelConfig(dp=1, op=1, pp=1), ParallelConfig(dp=1, op=1, pp=1), ParallelConfig(dp=1, op=1, pp=1), ParallelConfig(dp=1, op=1, pp=1), ParallelConfig(dp=1, op=1, pp=1), ParallelConfig(dp=1, op=1, pp=1), ParallelConfig(dp=1, op=1, pp=1), ParallelConfig(dp=1, op=1, pp=1), ParallelConfig(dp=1, op=1, pp=1), ParallelConfig(dp=1, op=1, pp=1), ParallelConfig(dp=1, op=1, pp=1), ParallelConfig(dp=1, op=1, pp=1), ParallelConfig(dp=1, op=1, pp=1), ParallelConfig(dp=1, op=1, pp=1), ParallelConfig(dp=1, op=1, pp=1), ParallelConfig(dp=1, op=1, pp=1), ParallelConfig(dp=1, op=1, pp=1), ParallelConfig(dp=1, op=1, pp=1), ParallelConfig(dp=1, op=1, pp=1), ParallelConfig(dp=1, op=1, pp=1), ParallelConfig(dp=1, op=1, pp=1), ParallelConfig(dp=1, op=1, pp=1), ParallelConfig(dp=1, op=1, pp=1), ParallelConfig(dp=1, op=1, pp=1), ParallelConfig(dp=1, op=1, pp=1), ParallelConfig(dp=1, op=1, pp=1), ParallelConfig(dp=1, op=1, pp=1), ParallelConfig(dp=1, op=1, pp=1), ParallelConfig(dp=1, op=1, pp=1), ParallelConfig(dp=1, op=1, pp=1), ParallelConfig(dp=1, op=1, pp=1), ParallelConfig(dp=1, op=1, pp=1), ParallelConfig(dp=1, op=1, pp=1), ParallelConfig(dp=1, op=1, pp=1), ParallelConfig(dp=1, op=1, pp=1), ParallelConfig(dp=1, op=1, pp=1), ParallelConfig(dp=1, op=1, pp=1), ParallelConfig(dp=1, op=1, pp=1), ParallelConfig(dp=1, op=1, pp=1), ParallelConfig(dp=1, op=1, pp=1), ParallelConfig(dp=1, op=1, pp=1), ParallelConfig(dp=1, op=1, pp=1), ParallelConfig(dp=1, op=1, pp=1), ParallelConfig(dp=1, op=1, pp=1), ParallelConfig(dp=1, op=1, pp=1), ParallelConfig(dp=1, op=1, pp=1), ParallelConfig(dp=1, op=1, pp=1), ParallelConfig(dp=1, op=1, pp=1), ParallelConfig(dp=1, op=1, pp=1), ParallelConfig(dp=1, op=1, pp=1), ParallelConfig(dp=1, op=1, pp=1), ParallelConfig(dp=1, op=1, pp=1), ParallelConfig(dp=1, op=1, pp=1), ParallelConfig(dp=1, op=1, pp=1), ParallelConfig(dp=1, op=1, pp=1), ParallelConfig(dp=1, op=1, pp=1), ParallelConfig(dp=1, op=1, pp=1), ParallelConfig(dp=1, op=1, pp=1), ParallelConfig(dp=1, op=1, pp=1), ParallelConfig(dp=1, op=1, pp=1), ParallelConfig(dp=1, op=1, pp=1), ParallelConfig(dp=1, op=1, pp=1)), group_models=((4,), (4,), (4,), (4,), (4,), (4,), (4,), (4,), (4,), (6,), (6,), (6,), (6,), (6,), (6,), (6,), (6,), (8,), (8,), (8,), (8,), (8,), (8,), (8,), (8,), (8,), (8,), (12,), (12,), (12,), (16,), (16,), (16,), (16,), (16,), (16,), (16,), (16,), (16,), (26,), (26,), (26,), (26,), (26,), (26,), (26,), (38,), (38,), (44,), (44,), (44,), (44,), (44,), (44,), (44,), (44,), (44,), (44,), (44,), (44,), (44,), (45,), (45,), (45,)))	0.676	simulate
goodput_vs_rate_scale	64	13958643712	bert-6.7b	48	-1	None	azure_v2	{'rate_scale': 48, 'cv_scale': 1, 'trace_dir': '/home/zhangy/data/datasets/azure_v2.pkl'}	5	-1	sr-replace-21600	None	None	None	None	ModelPlacementWithReplacement(num_segments=4)	0.932	simulate
goodput_vs_rate_scale	64	13958643712	bert-6.7b	48	-1	None	azure_v2	{'rate_scale': 32, 'cv_scale': 1, 'trace_dir': '/home/zhangy/data/datasets/azure_v2.pkl'}	5	-1	mp-search	None	None	None	None	ModelPlacement(group_configs=(ParallelConfig(dp=1, op=1, pp=8), ParallelConfig(dp=1, op=1, pp=8), ParallelConfig(dp=1, op=1, pp=8), ParallelConfig(dp=1, op=1, pp=8), ParallelConfig(dp=1, op=1, pp=8), ParallelConfig(dp=1, op=1, pp=8), ParallelConfig(dp=1, op=1, pp=8), ParallelConfig(dp=1, op=1, pp=8)), group_models=((0, 16, 18, 20, 24, 27, 44), (1, 5, 17, 41, 44, 46, 47), (2, 4, 23, 32, 37, 39, 43), (3, 13, 15, 30, 36, 38, 42), (4, 6, 16, 22, 29, 33, 45), (6, 7, 8, 25, 31, 34, 35), (8, 9, 10, 11, 12, 28, 40), (12, 14, 16, 19, 21, 26, 45)))	1.0	simulate
goodput_vs_rate_scale	64	13958643712	bert-6.7b	48	-1	None	azure_v2	{'rate_scale': 72, 'cv_scale': 1, 'trace_dir': '/home/zhangy/data/datasets/azure_v2.pkl'}	5	-1	sr-greedy	None	None	None	None	ModelPlacement(group_configs=(ParallelConfig(dp=1, op=1, pp=1), ParallelConfig(dp=1, op=1, pp=1), ParallelConfig(dp=1, op=1, pp=1), ParallelConfig(dp=1, op=1, pp=1), ParallelConfig(dp=1, op=1, pp=1), ParallelConfig(dp=1, op=1, pp=1), ParallelConfig(dp=1, op=1, pp=1), ParallelConfig(dp=1, op=1, pp=1), ParallelConfig(dp=1, op=1, pp=1), ParallelConfig(dp=1, op=1, pp=1), ParallelConfig(dp=1, op=1, pp=1), ParallelConfig(dp=1, op=1, pp=1), ParallelConfig(dp=1, op=1, pp=1), ParallelConfig(dp=1, op=1, pp=1), ParallelConfig(dp=1, op=1, pp=1), ParallelConfig(dp=1, op=1, pp=1), ParallelConfig(dp=1, op=1, pp=1), ParallelConfig(dp=1, op=1, pp=1), ParallelConfig(dp=1, op=1, pp=1), ParallelConfig(dp=1, op=1, pp=1), ParallelConfig(dp=1, op=1, pp=1), ParallelConfig(dp=1, op=1, pp=1), ParallelConfig(dp=1, op=1, pp=1), ParallelConfig(dp=1, op=1, pp=1), ParallelConfig(dp=1, op=1, pp=1), ParallelConfig(dp=1, op=1, pp=1), ParallelConfig(dp=1, op=1, pp=1), ParallelConfig(dp=1, op=1, pp=1), ParallelConfig(dp=1, op=1, pp=1), ParallelConfig(dp=1, op=1, pp=1), ParallelConfig(dp=1, op=1, pp=1), ParallelConfig(dp=1, op=1, pp=1), ParallelConfig(dp=1, op=1, pp=1), ParallelConfig(dp=1, op=1, pp=1), ParallelConfig(dp=1, op=1, pp=1), ParallelConfig(dp=1, op=1, pp=1), ParallelConfig(dp=1, op=1, pp=1), ParallelConfig(dp=1, op=1, pp=1), ParallelConfig(dp=1, op=1, pp=1), ParallelConfig(dp=1, op=1, pp=1), ParallelConfig(dp=1, op=1, pp=1), ParallelConfig(dp=1, op=1, pp=1), ParallelConfig(dp=1, op=1, pp=1), ParallelConfig(dp=1, op=1, pp=1), ParallelConfig(dp=1, op=1, pp=1), ParallelConfig(dp=1, op=1, pp=1), ParallelConfig(dp=1, op=1, pp=1), ParallelConfig(dp=1, op=1, pp=1), ParallelConfig(dp=1, op=1, pp=1), ParallelConfig(dp=1, op=1, pp=1), ParallelConfig(dp=1, op=1, pp=1), ParallelConfig(dp=1, op=1, pp=1), ParallelConfig(dp=1, op=1, pp=1), ParallelConfig(dp=1, op=1, pp=1), ParallelConfig(dp=1, op=1, pp=1), ParallelConfig(dp=1, op=1, pp=1), ParallelConfig(dp=1, op=1, pp=1), ParallelConfig(dp=1, op=1, pp=1), ParallelConfig(dp=1, op=1, pp=1), ParallelConfig(dp=1, op=1, pp=1), ParallelConfig(dp=1, op=1, pp=1), ParallelConfig(dp=1, op=1, pp=1), ParallelConfig(dp=1, op=1, pp=1), ParallelConfig(dp=1, op=1, pp=1)), group_models=((4,), (4,), (4,), (4,), (4,), (4,), (4,), (4,), (4,), (4,), (6,), (6,), (6,), (6,), (6,), (6,), (8,), (8,), (8,), (8,), (8,), (8,), (8,), (8,), (8,), (8,), (8,), (12,), (12,), (12,), (16,), (16,), (16,), (16,), (16,), (16,), (16,), (26,), (26,), (26,), (26,), (26,), (26,), (26,), (26,), (26,), (26,), (38,), (38,), (44,), (44,), (44,), (44,), (44,), (44,), (44,), (44,), (44,), (44,), (44,), (44,), (44,), (44,), (44,)))	0.583	simulate
goodput_vs_rate_scale	64	13958643712	bert-6.7b	48	-1	None	azure_v2	{'rate_scale': 48, 'cv_scale': 1, 'trace_dir': '/home/zhangy/data/datasets/azure_v2.pkl'}	5	-1	mp-search	None	None	None	None	ModelPlacement(group_configs=(ParallelConfig(dp=1, op=1, pp=8), ParallelConfig(dp=1, op=1, pp=8), ParallelConfig(dp=1, op=1, pp=8), ParallelConfig(dp=1, op=1, pp=8), ParallelConfig(dp=1, op=1, pp=8), ParallelConfig(dp=1, op=1, pp=8), ParallelConfig(dp=1, op=1, pp=8), ParallelConfig(dp=1, op=1, pp=8)), group_models=((0, 6, 8, 16, 38, 45, 47), (1, 9, 10, 16, 20, 26, 46), (2, 22, 30, 33, 36, 37, 44), (3, 6, 8, 12, 16, 25, 35), (4, 7, 8, 15, 23, 41, 43), (4, 11, 17, 18, 24, 26, 45), (5, 13, 29, 32, 34, 39, 44), (6, 12, 16, 31, 40, 42, 44)))	0.994	simulate
goodput_vs_cv_scale	64	13958643712	bert-6.7b	48	-1	None	azure_v2	{'rate_scale': 16, 'cv_scale': 2, 'trace_dir': '/home/zhangy/data/datasets/azure_v2.pkl'}	5	-1	sr-greedy	None	None	None	None	ModelPlacement(group_configs=(ParallelConfig(dp=1, op=1, pp=1), ParallelConfig(dp=1, op=1, pp=1), ParallelConfig(dp=1, op=1, pp=1), ParallelConfig(dp=1, op=1, pp=1), ParallelConfig(dp=1, op=1, pp=1), ParallelConfig(dp=1, op=1, pp=1), ParallelConfig(dp=1, op=1, pp=1), ParallelConfig(dp=1, op=1, pp=1), ParallelConfig(dp=1, op=1, pp=1), ParallelConfig(dp=1, op=1, pp=1), ParallelConfig(dp=1, op=1, pp=1), ParallelConfig(dp=1, op=1, pp=1), ParallelConfig(dp=1, op=1, pp=1), ParallelConfig(dp=1, op=1, pp=1), ParallelConfig(dp=1, op=1, pp=1), ParallelConfig(dp=1, op=1, pp=1), ParallelConfig(dp=1, op=1, pp=1), ParallelConfig(dp=1, op=1, pp=1), ParallelConfig(dp=1, op=1, pp=1), ParallelConfig(dp=1, op=1, pp=1), ParallelConfig(dp=1, op=1, pp=1), ParallelConfig(dp=1, op=1, pp=1), ParallelConfig(dp=1, op=1, pp=1), ParallelConfig(dp=1, op=1, pp=1), ParallelConfig(dp=1, op=1, pp=1), ParallelConfig(dp=1, op=1, pp=1), ParallelConfig(dp=1, op=1, pp=1), ParallelConfig(dp=1, op=1, pp=1), ParallelConfig(dp=1, op=1, pp=1), ParallelConfig(dp=1, op=1, pp=1), ParallelConfig(dp=1, op=1, pp=1), ParallelConfig(dp=1, op=1, pp=1), ParallelConfig(dp=1, op=1, pp=1), ParallelConfig(dp=1, op=1, pp=1), ParallelConfig(dp=1, op=1, pp=1), ParallelConfig(dp=1, op=1, pp=1), ParallelConfig(dp=1, op=1, pp=1), ParallelConfig(dp=1, op=1, pp=1), ParallelConfig(dp=1, op=1, pp=1), ParallelConfig(dp=1, op=1, pp=1), ParallelConfig(dp=1, op=1, pp=1), ParallelConfig(dp=1, op=1, pp=1), ParallelConfig(dp=1, op=1, pp=1), ParallelConfig(dp=1, op=1, pp=1), ParallelConfig(dp=1, op=1, pp=1), ParallelConfig(dp=1, op=1, pp=1), ParallelConfig(dp=1, op=1, pp=1), ParallelConfig(dp=1, op=1, pp=1), ParallelConfig(dp=1, op=1, pp=1), ParallelConfig(dp=1, op=1, pp=1), ParallelConfig(dp=1, op=1, pp=1), ParallelConfig(dp=1, op=1, pp=1), ParallelConfig(dp=1, op=1, pp=1), ParallelConfig(dp=1, op=1, pp=1), ParallelConfig(dp=1, op=1, pp=1), ParallelConfig(dp=1, op=1, pp=1), ParallelConfig(dp=1, op=1, pp=1), ParallelConfig(dp=1, op=1, pp=1), ParallelConfig(dp=1, op=1, pp=1), ParallelConfig(dp=1, op=1, pp=1), ParallelConfig(dp=1, op=1, pp=1), ParallelConfig(dp=1, op=1, pp=1), ParallelConfig(dp=1, op=1, pp=1), ParallelConfig(dp=1, op=1, pp=1)), group_models=((4,), (4,), (4,), (4,), (6,), (6,), (6,), (6,), (6,), (6,), (7,), (8,), (8,), (8,), (8,), (8,), (8,), (12,), (12,), (12,), (12,), (12,), (12,), (12,), (13,), (16,), (16,), (16,), (16,), (16,), (16,), (16,), (16,), (22,), (26,), (26,), (26,), (26,), (29,), (30,), (31,), (32,), (33,), (34,), (35,), (36,), (37,), (38,), (38,), (39,), (40,), (41,), (42,), (43,), (44,), (44,), (44,), (44,), (44,), (44,), (44,), (45,), (45,), (45,)))	0.891	simulate
goodput_vs_cv_scale	64	13958643712	bert-6.7b	48	-1	None	azure_v2	{'rate_scale': 16, 'cv_scale': 1, 'trace_dir': '/home/zhangy/data/datasets/azure_v2.pkl'}	5	-1	sr-greedy	None	None	None	None	ModelPlacement(group_configs=(ParallelConfig(dp=1, op=1, pp=1), ParallelConfig(dp=1, op=1, pp=1), ParallelConfig(dp=1, op=1, pp=1), ParallelConfig(dp=1, op=1, pp=1), ParallelConfig(dp=1, op=1, pp=1), ParallelConfig(dp=1, op=1, pp=1), ParallelConfig(dp=1, op=1, pp=1), ParallelConfig(dp=1, op=1, pp=1), ParallelConfig(dp=1, op=1, pp=1), ParallelConfig(dp=1, op=1, pp=1), ParallelConfig(dp=1, op=1, pp=1), ParallelConfig(dp=1, op=1, pp=1), ParallelConfig(dp=1, op=1, pp=1), ParallelConfig(dp=1, op=1, pp=1), ParallelConfig(dp=1, op=1, pp=1), ParallelConfig(dp=1, op=1, pp=1), ParallelConfig(dp=1, op=1, pp=1), ParallelConfig(dp=1, op=1, pp=1), ParallelConfig(dp=1, op=1, pp=1), ParallelConfig(dp=1, op=1, pp=1), ParallelConfig(dp=1, op=1, pp=1), ParallelConfig(dp=1, op=1, pp=1), ParallelConfig(dp=1, op=1, pp=1), ParallelConfig(dp=1, op=1, pp=1), ParallelConfig(dp=1, op=1, pp=1), ParallelConfig(dp=1, op=1, pp=1), ParallelConfig(dp=1, op=1, pp=1), ParallelConfig(dp=1, op=1, pp=1), ParallelConfig(dp=1, op=1, pp=1), ParallelConfig(dp=1, op=1, pp=1), ParallelConfig(dp=1, op=1, pp=1), ParallelConfig(dp=1, op=1, pp=1), ParallelConfig(dp=1, op=1, pp=1), ParallelConfig(dp=1, op=1, pp=1), ParallelConfig(dp=1, op=1, pp=1), ParallelConfig(dp=1, op=1, pp=1), ParallelConfig(dp=1, op=1, pp=1), ParallelConfig(dp=1, op=1, pp=1), ParallelConfig(dp=1, op=1, pp=1), ParallelConfig(dp=1, op=1, pp=1), ParallelConfig(dp=1, op=1, pp=1), ParallelConfig(dp=1, op=1, pp=1), ParallelConfig(dp=1, op=1, pp=1), ParallelConfig(dp=1, op=1, pp=1), ParallelConfig(dp=1, op=1, pp=1), ParallelConfig(dp=1, op=1, pp=1), ParallelConfig(dp=1, op=1, pp=1), ParallelConfig(dp=1, op=1, pp=1), ParallelConfig(dp=1, op=1, pp=1), ParallelConfig(dp=1, op=1, pp=1), ParallelConfig(dp=1, op=1, pp=1), ParallelConfig(dp=1, op=1, pp=1), ParallelConfig(dp=1, op=1, pp=1), ParallelConfig(dp=1, op=1, pp=1), ParallelConfig(dp=1, op=1, pp=1), ParallelConfig(dp=1, op=1, pp=1), ParallelConfig(dp=1, op=1, pp=1), ParallelConfig(dp=1, op=1, pp=1), ParallelConfig(dp=1, op=1, pp=1), ParallelConfig(dp=1, op=1, pp=1), ParallelConfig(dp=1, op=1, pp=1), ParallelConfig(dp=1, op=1, pp=1), ParallelConfig(dp=1, op=1, pp=1), ParallelConfig(dp=1, op=1, pp=1)), group_models=((0,), (1,), (2,), (3,), (4,), (4,), (4,), (4,), (5,), (6,), (6,), (6,), (6,), (6,), (7,), (8,), (8,), (8,), (8,), (8,), (12,), (12,), (12,), (12,), (13,), (15,), (16,), (16,), (16,), (16,), (16,), (16,), (20,), (22,), (23,), (25,), (26,), (26,), (26,), (29,), (30,), (31,), (32,), (33,), (34,), (35,), (36,), (37,), (38,), (39,), (40,), (41,), (42,), (43,), (44,), (44,), (44,), (44,), (44,), (44,), (45,), (45,), (45,), (47,)))	0.967	simulate
goodput_vs_cv_scale	64	13958643712	bert-6.7b	48	-1	None	azure_v2	{'rate_scale': 16, 'cv_scale': 2, 'trace_dir': '/home/zhangy/data/datasets/azure_v2.pkl'}	5	-1	sr-replace-21600	None	None	None	None	ModelPlacementWithReplacement(num_segments=4)	0.964	simulate
goodput_vs_cv_scale	64	13958643712	bert-6.7b	48	-1	None	azure_v2	{'rate_scale': 16, 'cv_scale': 1, 'trace_dir': '/home/zhangy/data/datasets/azure_v2.pkl'}	5	-1	sr-replace-21600	None	None	None	None	ModelPlacementWithReplacement(num_segments=4)	0.997	simulate
goodput_vs_cv_scale	64	13958643712	bert-6.7b	48	-1	None	azure_v2	{'rate_scale': 16, 'cv_scale': 1, 'trace_dir': '/home/zhangy/data/datasets/azure_v2.pkl'}	5	-1	mp-search	None	None	None	None	ModelPlacement(group_configs=(ParallelConfig(dp=1, op=4, pp=1), ParallelConfig(dp=1, op=4, pp=1), ParallelConfig(dp=1, op=4, pp=1), ParallelConfig(dp=1, op=4, pp=1), ParallelConfig(dp=1, op=4, pp=1), ParallelConfig(dp=1, op=4, pp=1), ParallelConfig(dp=1, op=4, pp=1), ParallelConfig(dp=1, op=4, pp=1), ParallelConfig(dp=1, op=4, pp=1), ParallelConfig(dp=1, op=4, pp=1), ParallelConfig(dp=1, op=4, pp=1), ParallelConfig(dp=1, op=4, pp=1), ParallelConfig(dp=1, op=4, pp=1), ParallelConfig(dp=1, op=4, pp=1), ParallelConfig(dp=1, op=4, pp=1), ParallelConfig(dp=1, op=4, pp=1)), group_models=((0, 8, 10, 23), (1, 4, 9, 46), (2, 31, 33, 40), (3, 6, 30, 35), (4, 6, 20, 26), (5, 12, 15, 45), (6, 8, 21, 44), (6, 16, 34, 37), (7, 39, 42, 43), (8, 14, 19, 44), (11, 24, 28, 38), (12, 16, 26, 42), (12, 29, 36, 45), (13, 16, 25, 41), (16, 22, 32, 47), (17, 18, 27, 44)))	1.0	simulate
goodput_vs_cv_scale	64	13958643712	bert-6.7b	48	-1	None	azure_v2	{'rate_scale': 16, 'cv_scale': 2, 'trace_dir': '/home/zhangy/data/datasets/azure_v2.pkl'}	5	-1	mp-search	None	None	None	None	ModelPlacement(group_configs=(ParallelConfig(dp=1, op=1, pp=8), ParallelConfig(dp=1, op=1, pp=8), ParallelConfig(dp=1, op=1, pp=8), ParallelConfig(dp=1, op=1, pp=8), ParallelConfig(dp=1, op=1, pp=8), ParallelConfig(dp=1, op=1, pp=8), ParallelConfig(dp=1, op=1, pp=8), ParallelConfig(dp=1, op=1, pp=8)), group_models=((0, 1, 3, 4, 25, 32, 47), (2, 5, 6, 12, 13, 23, 31), (6, 7, 33, 35, 36, 37, 42), (8, 9, 11, 16, 24, 44, 46), (8, 15, 16, 17, 18, 27, 44), (10, 12, 20, 38, 39, 40, 41), (12, 14, 19, 21, 26, 28, 45), (16, 22, 29, 30, 34, 43, 45)))	0.999	simulate
goodput_vs_rate_scale	64	13958643712	bert-6.7b	48	-1	None	azure_v2	{'rate_scale': 72, 'cv_scale': 1, 'trace_dir': '/home/zhangy/data/datasets/azure_v2.pkl'}	5	-1	sr-replace-21600	None	None	None	None	ModelPlacementWithReplacement(num_segments=4)	0.815	simulate
goodput_vs_rate_scale	64	13958643712	bert-6.7b	48	-1	None	azure_v2	{'rate_scale': 96, 'cv_scale': 1, 'trace_dir': '/home/zhangy/data/datasets/azure_v2.pkl'}	5	-1	sr-greedy	None	None	None	None	ModelPlacement(group_configs=(ParallelConfig(dp=1, op=1, pp=1), ParallelConfig(dp=1, op=1, pp=1), ParallelConfig(dp=1, op=1, pp=1), ParallelConfig(dp=1, op=1, pp=1), ParallelConfig(dp=1, op=1, pp=1), ParallelConfig(dp=1, op=1, pp=1), ParallelConfig(dp=1, op=1, pp=1), ParallelConfig(dp=1, op=1, pp=1), ParallelConfig(dp=1, op=1, pp=1), ParallelConfig(dp=1, op=1, pp=1), ParallelConfig(dp=1, op=1, pp=1), ParallelConfig(dp=1, op=1, pp=1), ParallelConfig(dp=1, op=1, pp=1), ParallelConfig(dp=1, op=1, pp=1), ParallelConfig(dp=1, op=1, pp=1), ParallelConfig(dp=1, op=1, pp=1), ParallelConfig(dp=1, op=1, pp=1), ParallelConfig(dp=1, op=1, pp=1), ParallelConfig(dp=1, op=1, pp=1), ParallelConfig(dp=1, op=1, pp=1), ParallelConfig(dp=1, op=1, pp=1), ParallelConfig(dp=1, op=1, pp=1), ParallelConfig(dp=1, op=1, pp=1), ParallelConfig(dp=1, op=1, pp=1), ParallelConfig(dp=1, op=1, pp=1), ParallelConfig(dp=1, op=1, pp=1), ParallelConfig(dp=1, op=1, pp=1), ParallelConfig(dp=1, op=1, pp=1), ParallelConfig(dp=1, op=1, pp=1), ParallelConfig(dp=1, op=1, pp=1), ParallelConfig(dp=1, op=1, pp=1), ParallelConfig(dp=1, op=1, pp=1), ParallelConfig(dp=1, op=1, pp=1), ParallelConfig(dp=1, op=1, pp=1), ParallelConfig(dp=1, op=1, pp=1), ParallelConfig(dp=1, op=1, pp=1), ParallelConfig(dp=1, op=1, pp=1), ParallelConfig(dp=1, op=1, pp=1), ParallelConfig(dp=1, op=1, pp=1), ParallelConfig(dp=1, op=1, pp=1), ParallelConfig(dp=1, op=1, pp=1), ParallelConfig(dp=1, op=1, pp=1), ParallelConfig(dp=1, op=1, pp=1), ParallelConfig(dp=1, op=1, pp=1), ParallelConfig(dp=1, op=1, pp=1), ParallelConfig(dp=1, op=1, pp=1), ParallelConfig(dp=1, op=1, pp=1), ParallelConfig(dp=1, op=1, pp=1), ParallelConfig(dp=1, op=1, pp=1), ParallelConfig(dp=1, op=1, pp=1), ParallelConfig(dp=1, op=1, pp=1), ParallelConfig(dp=1, op=1, pp=1), ParallelConfig(dp=1, op=1, pp=1), ParallelConfig(dp=1, op=1, pp=1), ParallelConfig(dp=1, op=1, pp=1), ParallelConfig(dp=1, op=1, pp=1), ParallelConfig(dp=1, op=1, pp=1), ParallelConfig(dp=1, op=1, pp=1), ParallelConfig(dp=1, op=1, pp=1), ParallelConfig(dp=1, op=1, pp=1), ParallelConfig(dp=1, op=1, pp=1), ParallelConfig(dp=1, op=1, pp=1), ParallelConfig(dp=1, op=1, pp=1), ParallelConfig(dp=1, op=1, pp=1)), group_models=((4,), (4,), (4,), (4,), (4,), (4,), (4,), (4,), (4,), (4,), (6,), (6,), (6,), (8,), (8,), (8,), (8,), (8,), (8,), (8,), (8,), (8,), (8,), (8,), (8,), (12,), (12,), (16,), (16,), (16,), (16,), (26,), (26,), (26,), (26,), (26,), (26,), (26,), (26,), (26,), (26,), (26,), (26,), (26,), (38,), (38,), (44,), (44,), (44,), (44,), (44,), (44,), (44,), (44,), (44,), (44,), (44,), (44,), (44,), (44,), (44,), (44,), (44,), (44,)))	0.52	simulate
goodput_vs_rate_scale	64	13958643712	bert-6.7b	48	-1	None	azure_v2	{'rate_scale': 96, 'cv_scale': 1, 'trace_dir': '/home/zhangy/data/datasets/azure_v2.pkl'}	5	-1	sr-replace-21600	None	None	None	None	ModelPlacementWithReplacement(num_segments=4)	0.683	simulate
goodput_vs_rate_scale	64	13958643712	bert-6.7b	48	-1	None	azure_v2	{'rate_scale': 72, 'cv_scale': 1, 'trace_dir': '/home/zhangy/data/datasets/azure_v2.pkl'}	5	-1	mp-search	None	None	None	None	ModelPlacement(group_configs=(ParallelConfig(dp=1, op=1, pp=8), ParallelConfig(dp=1, op=1, pp=8), ParallelConfig(dp=1, op=1, pp=8), ParallelConfig(dp=1, op=1, pp=8), ParallelConfig(dp=1, op=1, pp=8), ParallelConfig(dp=1, op=1, pp=8), ParallelConfig(dp=1, op=1, pp=8), ParallelConfig(dp=1, op=1, pp=8)), group_models=((2, 5, 16, 23, 26, 43, 44), (4, 6, 8, 16, 22, 31, 42), (4, 6, 16, 29, 30, 44, 45), (4, 8, 16, 33, 34, 39, 44), (6, 7, 8, 12, 13, 16, 45), (6, 8, 12, 16, 36, 40, 44), (8, 16, 35, 37, 38, 41, 44), (12, 15, 16, 25, 26, 32, 47)))	0.947	simulate
goodput_vs_rate_scale	64	13958643712	bert-6.7b	48	-1	None	azure_v2	{'rate_scale': 96, 'cv_scale': 1, 'trace_dir': '/home/zhangy/data/datasets/azure_v2.pkl'}	5	-1	mp-search	None	None	None	None	ModelPlacement(group_configs=(ParallelConfig(dp=1, op=1, pp=8), ParallelConfig(dp=1, op=1, pp=8), ParallelConfig(dp=1, op=1, pp=8), ParallelConfig(dp=1, op=1, pp=8), ParallelConfig(dp=1, op=1, pp=8), ParallelConfig(dp=1, op=1, pp=8), ParallelConfig(dp=1, op=1, pp=8), ParallelConfig(dp=1, op=1, pp=8)), group_models=((4, 6, 8, 12, 16, 29, 38), (4, 6, 8, 12, 16, 44, 45), (4, 6, 8, 16, 22, 31, 44), (4, 6, 8, 16, 40, 42, 44), (6, 8, 16, 26, 36, 44, 45), (7, 8, 12, 13, 16, 44, 45), (8, 16, 26, 30, 34, 39, 44), (8, 16, 26, 33, 41, 44, 45)))	0.837	simulate
goodput_vs_cv_scale	64	13958643712	bert-6.7b	48	-1	None	azure_v2	{'rate_scale': 16, 'cv_scale': 3, 'trace_dir': '/home/zhangy/data/datasets/azure_v2.pkl'}	5	-1	sr-replace-21600	None	None	None	None	ModelPlacementWithReplacement(num_segments=4)	0.885	simulate
goodput_vs_cv_scale	64	13958643712	bert-6.7b	48	-1	None	azure_v2	{'rate_scale': 16, 'cv_scale': 7.5, 'trace_dir': '/home/zhangy/data/datasets/azure_v2.pkl'}	5	-1	sr-greedy	None	None	None	None	ModelPlacement(group_configs=(ParallelConfig(dp=1, op=1, pp=1), ParallelConfig(dp=1, op=1, pp=1), ParallelConfig(dp=1, op=1, pp=1), ParallelConfig(dp=1, op=1, pp=1), ParallelConfig(dp=1, op=1, pp=1), ParallelConfig(dp=1, op=1, pp=1), ParallelConfig(dp=1, op=1, pp=1), ParallelConfig(dp=1, op=1, pp=1), ParallelConfig(dp=1, op=1, pp=1), ParallelConfig(dp=1, op=1, pp=1), ParallelConfig(dp=1, op=1, pp=1), ParallelConfig(dp=1, op=1, pp=1), ParallelConfig(dp=1, op=1, pp=1), ParallelConfig(dp=1, op=1, pp=1), ParallelConfig(dp=1, op=1, pp=1), ParallelConfig(dp=1, op=1, pp=1), ParallelConfig(dp=1, op=1, pp=1), ParallelConfig(dp=1, op=1, pp=1), ParallelConfig(dp=1, op=1, pp=1), ParallelConfig(dp=1, op=1, pp=1), ParallelConfig(dp=1, op=1, pp=1), ParallelConfig(dp=1, op=1, pp=1), ParallelConfig(dp=1, op=1, pp=1), ParallelConfig(dp=1, op=1, pp=1), ParallelConfig(dp=1, op=1, pp=1), ParallelConfig(dp=1, op=1, pp=1), ParallelConfig(dp=1, op=1, pp=1), ParallelConfig(dp=1, op=1, pp=1), ParallelConfig(dp=1, op=1, pp=1), ParallelConfig(dp=1, op=1, pp=1), ParallelConfig(dp=1, op=1, pp=1), ParallelConfig(dp=1, op=1, pp=1), ParallelConfig(dp=1, op=1, pp=1), ParallelConfig(dp=1, op=1, pp=1), ParallelConfig(dp=1, op=1, pp=1), ParallelConfig(dp=1, op=1, pp=1), ParallelConfig(dp=1, op=1, pp=1), ParallelConfig(dp=1, op=1, pp=1), ParallelConfig(dp=1, op=1, pp=1), ParallelConfig(dp=1, op=1, pp=1), ParallelConfig(dp=1, op=1, pp=1), ParallelConfig(dp=1, op=1, pp=1), ParallelConfig(dp=1, op=1, pp=1), ParallelConfig(dp=1, op=1, pp=1), ParallelConfig(dp=1, op=1, pp=1), ParallelConfig(dp=1, op=1, pp=1), ParallelConfig(dp=1, op=1, pp=1), ParallelConfig(dp=1, op=1, pp=1), ParallelConfig(dp=1, op=1, pp=1), ParallelConfig(dp=1, op=1, pp=1), ParallelConfig(dp=1, op=1, pp=1), ParallelConfig(dp=1, op=1, pp=1), ParallelConfig(dp=1, op=1, pp=1), ParallelConfig(dp=1, op=1, pp=1), ParallelConfig(dp=1, op=1, pp=1), ParallelConfig(dp=1, op=1, pp=1), ParallelConfig(dp=1, op=1, pp=1), ParallelConfig(dp=1, op=1, pp=1), ParallelConfig(dp=1, op=1, pp=1), ParallelConfig(dp=1, op=1, pp=1), ParallelConfig(dp=1, op=1, pp=1), ParallelConfig(dp=1, op=1, pp=1), ParallelConfig(dp=1, op=1, pp=1), ParallelConfig(dp=1, op=1, pp=1)), group_models=((4,), (4,), (4,), (4,), (4,), (4,), (6,), (6,), (6,), (6,), (6,), (8,), (8,), (8,), (8,), (8,), (8,), (8,), (8,), (8,), (12,), (12,), (12,), (12,), (12,), (12,), (12,), (12,), (12,), (12,), (12,), (12,), (12,), (12,), (16,), (16,), (16,), (16,), (26,), (26,), (26,), (26,), (26,), (26,), (26,), (26,), (38,), (38,), (44,), (44,), (44,), (44,), (44,), (44,), (44,), (44,), (44,), (44,), (44,), (44,), (44,), (44,), (44,), (44,)))	0.51	simulate
goodput_vs_cv_scale	64	13958643712	bert-6.7b	48	-1	None	azure_v2	{'rate_scale': 16, 'cv_scale': 3, 'trace_dir': '/home/zhangy/data/datasets/azure_v2.pkl'}	5	-1	sr-greedy	None	None	None	None	ModelPlacement(group_configs=(ParallelConfig(dp=1, op=1, pp=1), ParallelConfig(dp=1, op=1, pp=1), ParallelConfig(dp=1, op=1, pp=1), ParallelConfig(dp=1, op=1, pp=1), ParallelConfig(dp=1, op=1, pp=1), ParallelConfig(dp=1, op=1, pp=1), ParallelConfig(dp=1, op=1, pp=1), ParallelConfig(dp=1, op=1, pp=1), ParallelConfig(dp=1, op=1, pp=1), ParallelConfig(dp=1, op=1, pp=1), ParallelConfig(dp=1, op=1, pp=1), ParallelConfig(dp=1, op=1, pp=1), ParallelConfig(dp=1, op=1, pp=1), ParallelConfig(dp=1, op=1, pp=1), ParallelConfig(dp=1, op=1, pp=1), ParallelConfig(dp=1, op=1, pp=1), ParallelConfig(dp=1, op=1, pp=1), ParallelConfig(dp=1, op=1, pp=1), ParallelConfig(dp=1, op=1, pp=1), ParallelConfig(dp=1, op=1, pp=1), ParallelConfig(dp=1, op=1, pp=1), ParallelConfig(dp=1, op=1, pp=1), ParallelConfig(dp=1, op=1, pp=1), ParallelConfig(dp=1, op=1, pp=1), ParallelConfig(dp=1, op=1, pp=1), ParallelConfig(dp=1, op=1, pp=1), ParallelConfig(dp=1, op=1, pp=1), ParallelConfig(dp=1, op=1, pp=1), ParallelConfig(dp=1, op=1, pp=1), ParallelConfig(dp=1, op=1, pp=1), ParallelConfig(dp=1, op=1, pp=1), ParallelConfig(dp=1, op=1, pp=1), ParallelConfig(dp=1, op=1, pp=1), ParallelConfig(dp=1, op=1, pp=1), ParallelConfig(dp=1, op=1, pp=1), ParallelConfig(dp=1, op=1, pp=1), ParallelConfig(dp=1, op=1, pp=1), ParallelConfig(dp=1, op=1, pp=1), ParallelConfig(dp=1, op=1, pp=1), ParallelConfig(dp=1, op=1, pp=1), ParallelConfig(dp=1, op=1, pp=1), ParallelConfig(dp=1, op=1, pp=1), ParallelConfig(dp=1, op=1, pp=1), ParallelConfig(dp=1, op=1, pp=1), ParallelConfig(dp=1, op=1, pp=1), ParallelConfig(dp=1, op=1, pp=1), ParallelConfig(dp=1, op=1, pp=1), ParallelConfig(dp=1, op=1, pp=1), ParallelConfig(dp=1, op=1, pp=1), ParallelConfig(dp=1, op=1, pp=1), ParallelConfig(dp=1, op=1, pp=1), ParallelConfig(dp=1, op=1, pp=1), ParallelConfig(dp=1, op=1, pp=1), ParallelConfig(dp=1, op=1, pp=1), ParallelConfig(dp=1, op=1, pp=1), ParallelConfig(dp=1, op=1, pp=1), ParallelConfig(dp=1, op=1, pp=1), ParallelConfig(dp=1, op=1, pp=1), ParallelConfig(dp=1, op=1, pp=1), ParallelConfig(dp=1, op=1, pp=1), ParallelConfig(dp=1, op=1, pp=1), ParallelConfig(dp=1, op=1, pp=1), ParallelConfig(dp=1, op=1, pp=1), ParallelConfig(dp=1, op=1, pp=1)), group_models=((4,), (4,), (4,), (4,), (4,), (6,), (6,), (6,), (6,), (6,), (6,), (6,), (6,), (7,), (8,), (8,), (8,), (8,), (8,), (8,), (8,), (12,), (12,), (12,), (12,), (12,), (12,), (12,), (12,), (12,), (12,), (13,), (16,), (16,), (16,), (16,), (16,), (16,), (16,), (16,), (16,), (16,), (22,), (26,), (26,), (26,), (26,), (26,), (31,), (38,), (38,), (40,), (42,), (44,), (44,), (44,), (44,), (44,), (44,), (44,), (44,), (45,), (45,), (45,)))	0.771	simulate
goodput_vs_cv_scale	64	13958643712	bert-6.7b	48	-1	None	azure_v2	{'rate_scale': 16, 'cv_scale': 4, 'trace_dir': '/home/zhangy/data/datasets/azure_v2.pkl'}	5	-1	sr-greedy	None	None	None	None	ModelPlacement(group_configs=(ParallelConfig(dp=1, op=1, pp=1), ParallelConfig(dp=1, op=1, pp=1), ParallelConfig(dp=1, op=1, pp=1), ParallelConfig(dp=1, op=1, pp=1), ParallelConfig(dp=1, op=1, pp=1), ParallelConfig(dp=1, op=1, pp=1), ParallelConfig(dp=1, op=1, pp=1), ParallelConfig(dp=1, op=1, pp=1), ParallelConfig(dp=1, op=1, pp=1), ParallelConfig(dp=1, op=1, pp=1), ParallelConfig(dp=1, op=1, pp=1), ParallelConfig(dp=1, op=1, pp=1), ParallelConfig(dp=1, op=1, pp=1), ParallelConfig(dp=1, op=1, pp=1), ParallelConfig(dp=1, op=1, pp=1), ParallelConfig(dp=1, op=1, pp=1), ParallelConfig(dp=1, op=1, pp=1), ParallelConfig(dp=1, op=1, pp=1), ParallelConfig(dp=1, op=1, pp=1), ParallelConfig(dp=1, op=1, pp=1), ParallelConfig(dp=1, op=1, pp=1), ParallelConfig(dp=1, op=1, pp=1), ParallelConfig(dp=1, op=1, pp=1), ParallelConfig(dp=1, op=1, pp=1), ParallelConfig(dp=1, op=1, pp=1), ParallelConfig(dp=1, op=1, pp=1), ParallelConfig(dp=1, op=1, pp=1), ParallelConfig(dp=1, op=1, pp=1), ParallelConfig(dp=1, op=1, pp=1), ParallelConfig(dp=1, op=1, pp=1), ParallelConfig(dp=1, op=1, pp=1), ParallelConfig(dp=1, op=1, pp=1), ParallelConfig(dp=1, op=1, pp=1), ParallelConfig(dp=1, op=1, pp=1), ParallelConfig(dp=1, op=1, pp=1), ParallelConfig(dp=1, op=1, pp=1), ParallelConfig(dp=1, op=1, pp=1), ParallelConfig(dp=1, op=1, pp=1), ParallelConfig(dp=1, op=1, pp=1), ParallelConfig(dp=1, op=1, pp=1), ParallelConfig(dp=1, op=1, pp=1), ParallelConfig(dp=1, op=1, pp=1), ParallelConfig(dp=1, op=1, pp=1), ParallelConfig(dp=1, op=1, pp=1), ParallelConfig(dp=1, op=1, pp=1), ParallelConfig(dp=1, op=1, pp=1), ParallelConfig(dp=1, op=1, pp=1), ParallelConfig(dp=1, op=1, pp=1), ParallelConfig(dp=1, op=1, pp=1), ParallelConfig(dp=1, op=1, pp=1), ParallelConfig(dp=1, op=1, pp=1), ParallelConfig(dp=1, op=1, pp=1), ParallelConfig(dp=1, op=1, pp=1), ParallelConfig(dp=1, op=1, pp=1), ParallelConfig(dp=1, op=1, pp=1), ParallelConfig(dp=1, op=1, pp=1), ParallelConfig(dp=1, op=1, pp=1), ParallelConfig(dp=1, op=1, pp=1), ParallelConfig(dp=1, op=1, pp=1), ParallelConfig(dp=1, op=1, pp=1), ParallelConfig(dp=1, op=1, pp=1), ParallelConfig(dp=1, op=1, pp=1), ParallelConfig(dp=1, op=1, pp=1), ParallelConfig(dp=1, op=1, pp=1)), group_models=((4,), (4,), (4,), (4,), (4,), (6,), (6,), (6,), (6,), (6,), (6,), (6,), (6,), (8,), (8,), (8,), (8,), (8,), (8,), (8,), (8,), (12,), (12,), (12,), (12,), (12,), (12,), (12,), (12,), (12,), (12,), (12,), (12,), (16,), (16,), (16,), (16,), (16,), (16,), (16,), (16,), (16,), (16,), (26,), (26,), (26,), (26,), (26,), (26,), (38,), (38,), (40,), (44,), (44,), (44,), (44,), (44,), (44,), (44,), (44,), (44,), (44,), (45,), (45,)))	0.68	simulate
goodput_vs_cv_scale	64	13958643712	bert-6.7b	48	-1	None	azure_v2	{'rate_scale': 16, 'cv_scale': 5, 'trace_dir': '/home/zhangy/data/datasets/azure_v2.pkl'}	5	-1	sr-greedy	None	None	None	None	ModelPlacement(group_configs=(ParallelConfig(dp=1, op=1, pp=1), ParallelConfig(dp=1, op=1, pp=1), ParallelConfig(dp=1, op=1, pp=1), ParallelConfig(dp=1, op=1, pp=1), ParallelConfig(dp=1, op=1, pp=1), ParallelConfig(dp=1, op=1, pp=1), ParallelConfig(dp=1, op=1, pp=1), ParallelConfig(dp=1, op=1, pp=1), ParallelConfig(dp=1, op=1, pp=1), ParallelConfig(dp=1, op=1, pp=1), ParallelConfig(dp=1, op=1, pp=1), ParallelConfig(dp=1, op=1, pp=1), ParallelConfig(dp=1, op=1, pp=1), ParallelConfig(dp=1, op=1, pp=1), ParallelConfig(dp=1, op=1, pp=1), ParallelConfig(dp=1, op=1, pp=1), ParallelConfig(dp=1, op=1, pp=1), ParallelConfig(dp=1, op=1, pp=1), ParallelConfig(dp=1, op=1, pp=1), ParallelConfig(dp=1, op=1, pp=1), ParallelConfig(dp=1, op=1, pp=1), ParallelConfig(dp=1, op=1, pp=1), ParallelConfig(dp=1, op=1, pp=1), ParallelConfig(dp=1, op=1, pp=1), ParallelConfig(dp=1, op=1, pp=1), ParallelConfig(dp=1, op=1, pp=1), ParallelConfig(dp=1, op=1, pp=1), ParallelConfig(dp=1, op=1, pp=1), ParallelConfig(dp=1, op=1, pp=1), ParallelConfig(dp=1, op=1, pp=1), ParallelConfig(dp=1, op=1, pp=1), ParallelConfig(dp=1, op=1, pp=1), ParallelConfig(dp=1, op=1, pp=1), ParallelConfig(dp=1, op=1, pp=1), ParallelConfig(dp=1, op=1, pp=1), ParallelConfig(dp=1, op=1, pp=1), ParallelConfig(dp=1, op=1, pp=1), ParallelConfig(dp=1, op=1, pp=1), ParallelConfig(dp=1, op=1, pp=1), ParallelConfig(dp=1, op=1, pp=1), ParallelConfig(dp=1, op=1, pp=1), ParallelConfig(dp=1, op=1, pp=1), ParallelConfig(dp=1, op=1, pp=1), ParallelConfig(dp=1, op=1, pp=1), ParallelConfig(dp=1, op=1, pp=1), ParallelConfig(dp=1, op=1, pp=1), ParallelConfig(dp=1, op=1, pp=1), ParallelConfig(dp=1, op=1, pp=1), ParallelConfig(dp=1, op=1, pp=1), ParallelConfig(dp=1, op=1, pp=1), ParallelConfig(dp=1, op=1, pp=1), ParallelConfig(dp=1, op=1, pp=1), ParallelConfig(dp=1, op=1, pp=1), ParallelConfig(dp=1, op=1, pp=1), ParallelConfig(dp=1, op=1, pp=1), ParallelConfig(dp=1, op=1, pp=1), ParallelConfig(dp=1, op=1, pp=1), ParallelConfig(dp=1, op=1, pp=1), ParallelConfig(dp=1, op=1, pp=1), ParallelConfig(dp=1, op=1, pp=1), ParallelConfig(dp=1, op=1, pp=1), ParallelConfig(dp=1, op=1, pp=1), ParallelConfig(dp=1, op=1, pp=1), ParallelConfig(dp=1, op=1, pp=1)), group_models=((4,), (4,), (4,), (4,), (4,), (4,), (6,), (6,), (6,), (6,), (6,), (6,), (6,), (8,), (8,), (8,), (8,), (8,), (8,), (8,), (8,), (8,), (12,), (12,), (12,), (12,), (12,), (12,), (12,), (12,), (12,), (12,), (12,), (12,), (12,), (12,), (16,), (16,), (16,), (16,), (16,), (16,), (16,), (16,), (26,), (26,), (26,), (26,), (26,), (26,), (38,), (38,), (44,), (44,), (44,), (44,), (44,), (44,), (44,), (44,), (44,), (44,), (44,), (44,)))	0.622	simulate
goodput_vs_cv_scale	64	13958643712	bert-6.7b	48	-1	None	azure_v2	{'rate_scale': 16, 'cv_scale': 4, 'trace_dir': '/home/zhangy/data/datasets/azure_v2.pkl'}	5	-1	sr-replace-21600	None	None	None	None	ModelPlacementWithReplacement(num_segments=4)	0.798	simulate
goodput_vs_cv_scale	64	13958643712	bert-6.7b	48	-1	None	azure_v2	{'rate_scale': 16, 'cv_scale': 5, 'trace_dir': '/home/zhangy/data/datasets/azure_v2.pkl'}	5	-1	sr-replace-21600	None	None	None	None	ModelPlacementWithReplacement(num_segments=4)	0.718	simulate
goodput_vs_cv_scale	64	13958643712	bert-6.7b	48	-1	None	azure_v2	{'rate_scale': 16, 'cv_scale': 7.5, 'trace_dir': '/home/zhangy/data/datasets/azure_v2.pkl'}	5	-1	sr-replace-21600	None	None	None	None	ModelPlacementWithReplacement(num_segments=4)	0.597	simulate
goodput_vs_cv_scale	64	13958643712	bert-6.7b	48	-1	None	azure_v2	{'rate_scale': 16, 'cv_scale': 3, 'trace_dir': '/home/zhangy/data/datasets/azure_v2.pkl'}	5	-1	mp-search	None	None	None	None	ModelPlacement(group_configs=(ParallelConfig(dp=1, op=1, pp=8), ParallelConfig(dp=1, op=1, pp=8), ParallelConfig(dp=1, op=1, pp=8), ParallelConfig(dp=1, op=1, pp=8), ParallelConfig(dp=1, op=1, pp=8), ParallelConfig(dp=1, op=1, pp=8), ParallelConfig(dp=1, op=1, pp=8), ParallelConfig(dp=1, op=1, pp=8)), group_models=((0, 3, 4, 33, 37, 45, 47), (1, 6, 10, 16, 24, 44, 46), (2, 5, 8, 12, 16, 32, 42), (4, 9, 16, 20, 34, 35, 44), (6, 11, 12, 17, 18, 26, 40), (6, 12, 16, 31, 40, 43, 45), (7, 8, 13, 22, 29, 30, 41), (12, 15, 23, 25, 36, 38, 39)))	0.992	simulate
goodput_vs_cv_scale	64	13958643712	bert-6.7b	48	-1	None	azure_v2	{'rate_scale': 16, 'cv_scale': 5, 'trace_dir': '/home/zhangy/data/datasets/azure_v2.pkl'}	5	-1	mp-search	None	None	None	None	ModelPlacement(group_configs=(ParallelConfig(dp=1, op=1, pp=8), ParallelConfig(dp=1, op=1, pp=8), ParallelConfig(dp=1, op=1, pp=8), ParallelConfig(dp=1, op=1, pp=8), ParallelConfig(dp=1, op=1, pp=8), ParallelConfig(dp=1, op=1, pp=8), ParallelConfig(dp=1, op=1, pp=8), ParallelConfig(dp=1, op=1, pp=8)), group_models=((0, 8, 9, 12, 26, 44, 47), (2, 4, 6, 12, 16, 42, 44), (3, 5, 15, 23, 25, 26, 40), (4, 6, 12, 22, 31, 37, 45), (6, 8, 12, 13, 16, 29, 33), (6, 16, 32, 36, 40, 44, 45), (7, 12, 16, 30, 34, 35, 38), (8, 12, 16, 39, 41, 43, 44)))	0.953	simulate
goodput_vs_cv_scale	64	13958643712	bert-6.7b	48	-1	None	azure_v2	{'rate_scale': 16, 'cv_scale': 4, 'trace_dir': '/home/zhangy/data/datasets/azure_v2.pkl'}	5	-1	mp-search	None	None	None	None	ModelPlacement(group_configs=(ParallelConfig(dp=1, op=1, pp=8), ParallelConfig(dp=1, op=1, pp=8), ParallelConfig(dp=1, op=1, pp=8), ParallelConfig(dp=1, op=1, pp=8), ParallelConfig(dp=1, op=1, pp=8), ParallelConfig(dp=1, op=1, pp=8), ParallelConfig(dp=1, op=1, pp=8), ParallelConfig(dp=1, op=1, pp=8)), group_models=((0, 1, 3, 9, 20, 26, 40), (2, 5, 6, 16, 23, 44, 45), (4, 8, 15, 25, 33, 44, 47), (4, 30, 32, 35, 36, 37, 41), (6, 8, 12, 24, 26, 42, 46), (6, 12, 16, 22, 29, 39, 40), (7, 12, 13, 16, 31, 34, 45), (8, 10, 12, 16, 38, 43, 44)))	0.98	simulate
goodput_vs_cv_scale	64	13958643712	bert-6.7b	48	-1	None	azure_v2	{'rate_scale': 16, 'cv_scale': 10, 'trace_dir': '/home/zhangy/data/datasets/azure_v2.pkl'}	5	-1	sr-greedy	None	None	None	None	ModelPlacement(group_configs=(ParallelConfig(dp=1, op=1, pp=1), ParallelConfig(dp=1, op=1, pp=1), ParallelConfig(dp=1, op=1, pp=1), ParallelConfig(dp=1, op=1, pp=1), ParallelConfig(dp=1, op=1, pp=1), ParallelConfig(dp=1, op=1, pp=1), ParallelConfig(dp=1, op=1, pp=1), ParallelConfig(dp=1, op=1, pp=1), ParallelConfig(dp=1, op=1, pp=1), ParallelConfig(dp=1, op=1, pp=1), ParallelConfig(dp=1, op=1, pp=1), ParallelConfig(dp=1, op=1, pp=1), ParallelConfig(dp=1, op=1, pp=1), ParallelConfig(dp=1, op=1, pp=1), ParallelConfig(dp=1, op=1, pp=1), ParallelConfig(dp=1, op=1, pp=1), ParallelConfig(dp=1, op=1, pp=1), ParallelConfig(dp=1, op=1, pp=1), ParallelConfig(dp=1, op=1, pp=1), ParallelConfig(dp=1, op=1, pp=1), ParallelConfig(dp=1, op=1, pp=1), ParallelConfig(dp=1, op=1, pp=1), ParallelConfig(dp=1, op=1, pp=1), ParallelConfig(dp=1, op=1, pp=1), ParallelConfig(dp=1, op=1, pp=1), ParallelConfig(dp=1, op=1, pp=1), ParallelConfig(dp=1, op=1, pp=1), ParallelConfig(dp=1, op=1, pp=1), ParallelConfig(dp=1, op=1, pp=1), ParallelConfig(dp=1, op=1, pp=1), ParallelConfig(dp=1, op=1, pp=1), ParallelConfig(dp=1, op=1, pp=1), ParallelConfig(dp=1, op=1, pp=1), ParallelConfig(dp=1, op=1, pp=1), ParallelConfig(dp=1, op=1, pp=1), ParallelConfig(dp=1, op=1, pp=1), ParallelConfig(dp=1, op=1, pp=1), ParallelConfig(dp=1, op=1, pp=1), ParallelConfig(dp=1, op=1, pp=1), ParallelConfig(dp=1, op=1, pp=1), ParallelConfig(dp=1, op=1, pp=1), ParallelConfig(dp=1, op=1, pp=1), ParallelConfig(dp=1, op=1, pp=1), ParallelConfig(dp=1, op=1, pp=1), ParallelConfig(dp=1, op=1, pp=1), ParallelConfig(dp=1, op=1, pp=1), ParallelConfig(dp=1, op=1, pp=1), ParallelConfig(dp=1, op=1, pp=1), ParallelConfig(dp=1, op=1, pp=1), ParallelConfig(dp=1, op=1, pp=1), ParallelConfig(dp=1, op=1, pp=1), ParallelConfig(dp=1, op=1, pp=1), ParallelConfig(dp=1, op=1, pp=1), ParallelConfig(dp=1, op=1, pp=1), ParallelConfig(dp=1, op=1, pp=1), ParallelConfig(dp=1, op=1, pp=1), ParallelConfig(dp=1, op=1, pp=1), ParallelConfig(dp=1, op=1, pp=1), ParallelConfig(dp=1, op=1, pp=1), ParallelConfig(dp=1, op=1, pp=1), ParallelConfig(dp=1, op=1, pp=1), ParallelConfig(dp=1, op=1, pp=1), ParallelConfig(dp=1, op=1, pp=1), ParallelConfig(dp=1, op=1, pp=1)), group_models=((4,), (4,), (4,), (4,), (4,), (4,), (6,), (6,), (6,), (6,), (6,), (8,), (8,), (8,), (8,), (8,), (8,), (8,), (8,), (8,), (12,), (12,), (12,), (12,), (12,), (12,), (12,), (12,), (12,), (12,), (26,), (26,), (26,), (26,), (26,), (26,), (26,), (26,), (26,), (26,), (26,), (38,), (38,), (44,), (44,), (44,), (44,), (44,), (44,), (44,), (44,), (44,), (44,), (44,), (44,), (44,), (44,), (44,), (44,), (44,), (44,), (44,), (44,), (44,)))	0.44	simulate
goodput_vs_cv_scale	64	13958643712	bert-6.7b	48	-1	None	azure_v2	{'rate_scale': 16, 'cv_scale': 10, 'trace_dir': '/home/zhangy/data/datasets/azure_v2.pkl'}	5	-1	sr-replace-21600	None	None	None	None	ModelPlacementWithReplacement(num_segments=4)	0.509	simulate
goodput_vs_cv_scale	64	13958643712	bert-6.7b	48	-1	None	azure_v2	{'rate_scale': 16, 'cv_scale': 7.5, 'trace_dir': '/home/zhangy/data/datasets/azure_v2.pkl'}	5	-1	mp-search	None	None	None	None	ModelPlacement(group_configs=(ParallelConfig(dp=1, op=1, pp=8), ParallelConfig(dp=1, op=1, pp=8), ParallelConfig(dp=1, op=1, pp=8), ParallelConfig(dp=1, op=1, pp=8), ParallelConfig(dp=1, op=1, pp=8), ParallelConfig(dp=1, op=1, pp=8), ParallelConfig(dp=1, op=1, pp=8), ParallelConfig(dp=1, op=1, pp=8)), group_models=((4, 6, 7, 12, 13, 16, 29), (4, 6, 12, 16, 22, 39, 44), (4, 12, 30, 38, 40, 41, 44), (6, 8, 12, 16, 26, 40, 44), (6, 8, 12, 16, 31, 44, 45), (6, 8, 12, 16, 42, 44, 45), (8, 12, 16, 23, 26, 34, 36), (8, 12, 16, 26, 32, 33, 38)))	0.861	simulate
goodput_vs_cv_scale	64	13958643712	bert-6.7b	48	-1	None	azure_v2	{'rate_scale': 16, 'cv_scale': 10, 'trace_dir': '/home/zhangy/data/datasets/azure_v2.pkl'}	5	-1	mp-search	None	None	None	None	ModelPlacement(group_configs=(ParallelConfig(dp=1, op=1, pp=8), ParallelConfig(dp=1, op=1, pp=8), ParallelConfig(dp=1, op=1, pp=8), ParallelConfig(dp=1, op=1, pp=8), ParallelConfig(dp=1, op=1, pp=8), ParallelConfig(dp=1, op=1, pp=8), ParallelConfig(dp=1, op=1, pp=8), ParallelConfig(dp=1, op=1, pp=8)), group_models=((4, 6, 8, 12, 16, 40, 44), (4, 6, 8, 12, 16, 44, 45), (4, 6, 12, 13, 16, 26, 44), (4, 6, 12, 16, 26, 38, 44), (6, 7, 8, 12, 16, 22, 26), (6, 8, 12, 16, 38, 40, 44), (6, 8, 12, 16, 42, 44, 45), (8, 12, 16, 26, 31, 44, 45)))	0.76	simulate
